Año,Actividad_Economica,Seccional,Total_Ingresos,Total_Retencion,Numero_Declaraciones,Variacion_Anual,Retencion_Promedio,Ratio_Retencion,Riesgo_Tributario
2020,Comercio,Bucaramanga,3471126067.0,198345106.39,126,0.2568,1574167.51,0.0571,Bajo
2021,Manufactura,Cali,720094950.0,20060620.9,234,-0.2122,85729.15,0.0279,Medio
2020,Agropecuario,Medellin,4958575591.0,213556972.44,681,-0.2133,313593.2,0.0431,Bajo
2024,Educacion,Bogota,1356710475.0,50843923.44,272,0.0308,186926.19,0.0375,Bajo
2020,Construccion,Barranquilla,2303890010.0,86367002.78,701,-0.2197,123205.42,0.0375,Bajo
2021,Agropecuario,Villavicencio,2008805693.0,14574233.23,977,-0.1202,14917.33,0.0073,Alto
2020,Agropecuario,Barranquilla,4272944499.0,155364454.24,150,0.309,1035763.03,0.0364,Bajo
2024,Educacion,Barranquilla,782395540.0,22007970.2,293,0.3668,75112.53,0.0281,Medio
2023,Financiero,Bucaramanga,118574553.0,908871.89,359,-0.0933,2531.68,0.0077,Alto
2020,Servicios,Cartagena,4869117510.0,182006668.65,795,-0.2276,228939.21,0.0374,Bajo
2022,Tecnologia,Cali,4479456860.0,260865239.43,749,0.0423,348284.7,0.0582,Bajo
2021,Salud,Medellin,4009419695.0,83954700.79,481,-0.1226,174542.0,0.0209,Medio
2020,Educacion,Medellin,4178202429.0,87195571.59,739,0.2358,117991.3,0.0209,Medio
2022,Salud,Villavicencio,3609400500.0,130052358.14,236,-0.0674,551069.31,0.036,Bajo
2022,Comercio,Cucuta,1322485020.0,64176792.47,84,-0.2398,764009.43,0.0485,Bajo
2024,Construccion,Cartagena,3366766039.0,83843005.8,667,-0.2464,125701.66,0.0249,Medio
2020,Agropecuario,Bucaramanga,904021618.0,38870873.78,694,0.2636,56009.9,0.043,Bajo
2024,Salud,Villavicencio,368019332.0,20508043.24,60,0.3447,341800.72,0.0557,Bajo
2021,Construccion,Bogota,2727045063.0,76543080.16,52,-0.2087,1471982.31,0.0281,Medio
2021,Tecnologia,Medellin,2922651325.0,60968355.74,118,0.1343,516680.98,0.0209,Medio
2021,Construccion,Cartagena,2078147648.0,50311453.18,962,0.2136,52298.81,0.0242,Medio
2022,Transporte,Pereira,3149804676.0,108838594.76,786,-0.0836,138471.49,0.0346,Bajo
2021,Salud,Pereira,2295120392.0,99191540.4,877,-0.2335,113103.24,0.0432,Bajo
2021,Tecnologia,Medellin,916377394.0,3503212.51,762,0.059,4597.39,0.0038,Alto
2024,Servicios,Manizales,2234294495.0,94599879.25,504,-0.088,187698.17,0.0423,Bajo
2021,Servicios,Cucuta,2368599822.0,108533900.6,55,0.3629,1973343.65,0.0458,Bajo
2023,Tecnologia,Manizales,1294473018.0,54753006.29,815,0.3543,67181.6,0.0423,Bajo
2021,Salud,Bogota,1319737021.0,51123204.47,665,0.0467,76877.0,0.0387,Bajo
2021,Comercio,Pereira,3898682843.0,88364717.25,209,-0.1785,422797.69,0.0227,Medio
2023,Tecnologia,Medellin,2831807898.0,75813873.93,647,-0.0208,117177.55,0.0268,Medio
2021,Financiero,Pereira,79859174.0,922376.61,430,0.0213,2145.06,0.0116,Medio
2021,Transporte,Cartagena,3023990112.0,27071337.99,703,-0.0913,38508.3,0.009,Alto
2023,Servicios,Bucaramanga,1438146037.0,21123956.01,491,0.207,43022.31,0.0147,Medio
2021,Manufactura,Manizales,328710077.0,19184624.82,583,-0.0895,32906.73,0.0584,Bajo
2024,Tecnologia,Villavicencio,2185666049.0,94664899.57,632,-0.0649,149786.23,0.0433,Bajo
2023,Financiero,Cartagena,1195815738.0,44669375.66,661,0.0172,67578.48,0.0374,Bajo
2022,Manufactura,Cali,1246777444.0,27446723.71,404,-0.0943,67937.43,0.022,Medio
2024,Transporte,Medellin,4692229686.0,216658721.14,142,-0.0926,1525765.64,0.0462,Bajo
2020,Construccion,Cali,2765732851.0,163284835.56,926,0.2807,176333.52,0.059,Bajo
2021,Educacion,Villavicencio,1427739899.0,44938868.67,483,-0.2235,93041.14,0.0315,Bajo
2020,Educacion,Cartagena,995928099.0,2950032.72,982,0.2762,3004.11,0.003,Alto
2024,Transporte,Manizales,798898099.0,45177966.59,955,0.0014,47306.77,0.0566,Bajo
2022,Agropecuario,Bogota,2952066954.0,64301474.74,492,-0.1141,130694.05,0.0218,Medio
2020,Agropecuario,Bucaramanga,3818143837.0,161719372.82,282,0.179,573472.95,0.0424,Bajo
2022,Construccion,Bucaramanga,2268934259.0,74238924.38,21,0.3976,3535186.88,0.0327,Bajo
2023,Servicios,Cucuta,3917266084.0,208370774.05,28,-0.0687,7441813.36,0.0532,Bajo
2020,Tecnologia,Manizales,3167955887.0,161902650.47,423,0.3266,382748.58,0.0511,Bajo
2021,Agropecuario,Medellin,4068521712.0,46277259.51,441,0.1848,104937.1,0.0114,Medio
2022,Agropecuario,Villavicencio,4384468322.0,103440132.46,492,0.1813,210244.17,0.0236,Medio
2021,Servicios,Pereira,1269431313.0,14378679.63,357,0.0656,40276.41,0.0113,Medio
2021,Agropecuario,Manizales,2850152271.0,170092905.88,180,-0.2383,944960.59,0.0597,Bajo
2020,Financiero,Pereira,2874425872.0,57107730.54,707,-0.1891,80774.72,0.0199,Medio
2023,Comercio,Medellin,2783027797.0,48373858.14,769,0.1334,62904.89,0.0174,Medio
2022,Tecnologia,Barranquilla,3881310773.0,211739978.74,46,0.2666,4603043.02,0.0546,Bajo
2020,Manufactura,Villavicencio,1038638203.0,45598525.68,678,0.1218,67254.46,0.0439,Bajo
2020,Construccion,Cucuta,4411352936.0,252674210.73,368,0.0283,686614.7,0.0573,Bajo
2020,Agropecuario,Cali,2507977438.0,145186710.23,135,-0.0586,1075457.11,0.0579,Bajo
2021,Transporte,Manizales,869956639.0,44686129.17,275,0.0654,162495.02,0.0514,Bajo
2021,Tecnologia,Manizales,2498394087.0,15200568.38,645,0.1498,23566.77,0.0061,Alto
2024,Educacion,Barranquilla,1318263401.0,69719837.77,804,0.3016,86716.22,0.0529,Bajo
2024,Manufactura,Bucaramanga,3067146154.0,132245643.29,58,-0.0592,2280097.3,0.0431,Bajo
2023,Salud,Cucuta,1852945049.0,90769435.12,940,0.1475,96563.23,0.049,Bajo
2024,Transporte,Medellin,2203996088.0,84672848.56,39,0.1725,2171098.68,0.0384,Bajo
2021,Manufactura,Medellin,4563016461.0,244670356.38,490,-0.232,499327.26,0.0536,Bajo
2022,Comercio,Villavicencio,4748616641.0,130261673.28,978,-0.2266,133191.89,0.0274,Medio
2024,Manufactura,Villavicencio,715898681.0,23963554.9,144,0.2953,166413.58,0.0335,Bajo
2021,Comercio,Medellin,4475964885.0,73918675.29,701,0.2847,105447.47,0.0165,Medio
2020,Manufactura,Medellin,3605670279.0,168239226.98,639,0.1549,263285.18,0.0467,Bajo
2020,Salud,Medellin,884855903.0,29039704.18,66,0.2047,439995.52,0.0328,Bajo
2024,Manufactura,Bucaramanga,3465298704.0,87088543.48,806,0.0353,108050.3,0.0251,Medio
2023,Manufactura,Manizales,1127437785.0,3912595.96,136,-0.1974,28769.09,0.0035,Alto
2021,Financiero,Villavicencio,3039186440.0,127442187.5,660,-0.1374,193094.22,0.0419,Bajo
2023,Manufactura,Cucuta,1949888366.0,32200628.25,657,-0.189,49011.61,0.0165,Medio
2023,Manufactura,Medellin,2885526119.0,162188532.07,916,0.3707,177061.72,0.0562,Bajo
2020,Educacion,Pereira,2872271679.0,98095359.18,809,0.2245,121255.08,0.0342,Bajo
2023,Educacion,Cucuta,1113996491.0,38800674.03,454,0.2426,85464.04,0.0348,Bajo
2020,Construccion,Bogota,1518362012.0,13258660.73,88,-0.1888,150666.6,0.0087,Alto
2023,Salud,Medellin,2086561099.0,6249968.07,493,0.0696,12677.42,0.003,Alto
2021,Manufactura,Barranquilla,1537365731.0,18518659.38,753,0.1724,24593.17,0.012,Medio
2024,Transporte,Cali,4539546529.0,77770740.11,925,0.1568,84076.48,0.0171,Medio
2023,Servicios,Bucaramanga,2366608503.0,95147674.07,535,0.1503,177846.12,0.0402,Bajo
2023,Manufactura,Medellin,4458832496.0,233185962.55,179,0.3611,1302714.87,0.0523,Bajo
2023,Agropecuario,Medellin,4896872096.0,139946080.15,710,0.2834,197107.16,0.0286,Medio
2020,Agropecuario,Bogota,4178282016.0,166237616.18,62,-0.1227,2681251.87,0.0398,Bajo
2020,Manufactura,Cali,971653259.0,7622740.38,917,-0.2247,8312.69,0.0078,Alto
2023,Transporte,Cucuta,355752912.0,14241469.57,624,0.2992,22822.87,0.04,Bajo
2021,Educacion,Bogota,2180464646.0,19304874.58,520,-0.0236,37124.76,0.0089,Alto
2021,Educacion,Bogota,3818713628.0,16316626.12,748,0.2723,21813.67,0.0043,Alto
2023,Tecnologia,Cucuta,2403521315.0,29542866.71,476,0.1195,62064.85,0.0123,Medio
2022,Educacion,Manizales,4304187184.0,191259010.08,567,-0.0082,337317.48,0.0444,Bajo
2023,Servicios,Barranquilla,2543417567.0,55361566.38,209,0.1152,264887.88,0.0218,Medio
2022,Manufactura,Bogota,3274966668.0,147094171.95,886,-0.183,166020.51,0.0449,Bajo
2024,Agropecuario,Bogota,2344919024.0,73406840.25,899,0.0033,81653.88,0.0313,Bajo
2022,Comercio,Bogota,3896243002.0,30387280.18,631,-0.243,48157.34,0.0078,Alto
2024,Transporte,Manizales,3688452114.0,26905883.31,474,0.3719,56763.47,0.0073,Alto
2024,Servicios,Bogota,4132826623.0,123927828.0,525,0.1607,236053.01,0.03,Medio
2024,Construccion,Cali,443866308.0,8436222.81,44,0.1099,191732.34,0.019,Medio
2020,Financiero,Medellin,3281423971.0,186645044.29,163,0.2633,1145061.62,0.0569,Bajo
2021,Educacion,Medellin,4048310068.0,124187488.58,954,0.3974,130175.56,0.0307,Bajo
2024,Manufactura,Villavicencio,3862660438.0,130029181.25,862,-0.1739,150845.92,0.0337,Bajo
2024,Comercio,Villavicencio,3651247461.0,25113991.13,672,-0.1053,37372.01,0.0069,Alto
2020,Educacion,Villavicencio,3579862065.0,192346062.89,213,-0.1971,903033.16,0.0537,Bajo
2024,Agropecuario,Pereira,1051706917.0,62287442.65,515,0.311,120946.49,0.0592,Bajo
2022,Manufactura,Pereira,4118401662.0,225055144.92,320,0.2397,703297.33,0.0546,Bajo
2021,Tecnologia,Cartagena,2118743954.0,99738857.02,201,0.2083,496213.22,0.0471,Bajo
2021,Tecnologia,Cucuta,527589542.0,14349489.56,192,-0.2426,74736.92,0.0272,Medio
2022,Construccion,Bogota,3583857662.0,142114999.62,20,0.1927,7105749.98,0.0397,Bajo
2023,Financiero,Villavicencio,1660056894.0,49316079.87,428,0.3146,115224.49,0.0297,Medio
2020,Construccion,Manizales,1435927470.0,77089633.79,905,0.351,85181.92,0.0537,Bajo
2021,Agropecuario,Bucaramanga,4661921124.0,77730214.33,678,0.38,114646.33,0.0167,Medio
2021,Salud,Medellin,981188016.0,41556672.03,434,0.3973,95752.7,0.0424,Bajo
2021,Salud,Bucaramanga,3920444175.0,175447094.13,990,-0.0674,177219.29,0.0448,Bajo
2021,Transporte,Manizales,4593490831.0,246373256.31,991,-0.1806,248610.75,0.0536,Bajo
2022,Financiero,Manizales,1241343111.0,14699283.05,695,0.0514,21150.05,0.0118,Medio
2020,Agropecuario,Bucaramanga,1166476131.0,69055647.29,521,-0.229,132544.43,0.0592,Bajo
2020,Servicios,Bucaramanga,1379410976.0,35657759.67,480,0.1951,74287.0,0.0258,Medio
2020,Construccion,Manizales,622025740.0,34108020.53,272,0.3613,125397.13,0.0548,Bajo
2021,Tecnologia,Bucaramanga,3166941567.0,113083350.74,940,0.0219,120301.44,0.0357,Bajo
2024,Manufactura,Pereira,757957764.0,2675048.6,820,0.2554,3262.25,0.0035,Alto
2021,Tecnologia,Manizales,696035632.0,16601048.59,301,-0.0024,55152.99,0.0239,Medio
2023,Tecnologia,Bogota,2494186288.0,126263354.26,629,-0.2261,200736.65,0.0506,Bajo
2020,Educacion,Bucaramanga,1224274432.0,3419366.61,842,0.3121,4061.01,0.0028,Alto
2020,Comercio,Pereira,2344999748.0,140661585.63,889,0.3436,158224.51,0.06,Bajo
2021,Tecnologia,Cali,3352775780.0,147907733.56,733,0.3023,201784.08,0.0441,Bajo
2023,Agropecuario,Cartagena,1085451476.0,30535443.16,897,-0.0866,34041.74,0.0281,Medio
2024,Comercio,Medellin,2653500236.0,37199960.17,468,0.1866,79487.09,0.014,Medio
2020,Servicios,Manizales,4546386081.0,103536839.93,91,-0.2356,1137767.47,0.0228,Medio
2020,Salud,Villavicencio,2284085242.0,45341558.65,980,0.1087,46266.9,0.0199,Medio
2024,Servicios,Cartagena,429710429.0,22708438.21,844,0.1335,26905.73,0.0528,Bajo
2021,Comercio,Bucaramanga,173620654.0,4582035.73,248,0.1532,18475.95,0.0264,Medio
2022,Comercio,Pereira,3929004262.0,38934646.83,783,0.3873,49724.96,0.0099,Alto
2021,Manufactura,Medellin,1928940506.0,14039062.95,327,0.1058,42932.91,0.0073,Alto
2022,Agropecuario,Cartagena,3415764055.0,187208921.93,561,0.1544,333705.74,0.0548,Bajo
2024,Servicios,Barranquilla,3046349008.0,173861828.19,919,0.0486,189185.88,0.0571,Bajo
2021,Servicios,Cartagena,2163623369.0,100818853.59,871,0.0484,115750.69,0.0466,Bajo
2020,Servicios,Pereira,1542129217.0,32488951.31,766,0.1268,42413.77,0.0211,Medio
2023,Manufactura,Bucaramanga,375830514.0,12463020.22,682,-0.1668,18274.22,0.0332,Bajo
2021,Construccion,Cartagena,1769277514.0,17784735.13,539,-0.133,32995.8,0.0101,Medio
2020,Transporte,Barranquilla,3901676866.0,205659030.53,686,0.1839,299794.51,0.0527,Bajo
2021,Transporte,Pereira,3579563924.0,42232531.57,623,-0.024,67788.98,0.0118,Medio
2022,Manufactura,Barranquilla,4725941780.0,159857286.66,664,0.0495,240748.93,0.0338,Bajo
2020,Manufactura,Cartagena,4897937456.0,152806840.71,832,-0.041,183662.07,0.0312,Bajo
2022,Tecnologia,Medellin,2746811640.0,115068097.15,75,0.3178,1534241.3,0.0419,Bajo
2022,Salud,Manizales,1670430895.0,9258399.44,45,0.3144,205742.21,0.0055,Alto
2023,Agropecuario,Pereira,842511740.0,49879143.15,322,-0.0092,154904.17,0.0592,Bajo
2020,Construccion,Bucaramanga,2331769037.0,67217937.59,384,-0.2095,175046.71,0.0288,Medio
2021,Financiero,Bucaramanga,1134208439.0,11025392.82,22,0.3319,501154.22,0.0097,Alto
2020,Construccion,Villavicencio,180876923.0,1486080.58,525,-0.0198,2830.63,0.0082,Alto
2023,Salud,Pereira,1091402894.0,8821167.48,650,-0.0048,13571.03,0.0081,Alto
2023,Financiero,Manizales,3660821904.0,52217906.55,493,0.098,105918.67,0.0143,Medio
2020,Educacion,Villavicencio,3874785552.0,84818118.53,44,0.1914,1927684.51,0.0219,Medio
2021,Tecnologia,Bogota,2836672872.0,87680558.65,130,0.1297,674465.84,0.0309,Bajo
2023,Comercio,Manizales,3251638151.0,117120934.08,767,-0.1671,152700.04,0.036,Bajo
2024,Manufactura,Pereira,1499323108.0,34572551.49,301,0.1449,114858.98,0.0231,Medio
2023,Construccion,Pereira,1579423799.0,48801615.36,985,0.1438,49544.79,0.0309,Bajo
2024,Salud,Medellin,82359860.0,650921.55,729,-0.0125,892.9,0.0079,Alto
2022,Agropecuario,Bucaramanga,394601334.0,1970977.52,562,0.0168,3507.08,0.005,Alto
2023,Salud,Cartagena,3900911749.0,97817799.18,751,0.3463,130250.07,0.0251,Medio
2022,Agropecuario,Cali,3559297797.0,208410751.08,625,-0.1389,333457.2,0.0586,Bajo
2021,Educacion,Cartagena,3575573181.0,199888154.35,866,0.0978,230817.73,0.0559,Bajo
2021,Financiero,Villavicencio,3354946987.0,46615305.84,429,-0.0396,108660.39,0.0139,Medio
2022,Educacion,Manizales,906875731.0,28513444.39,132,0.0944,216010.94,0.0314,Bajo
2020,Tecnologia,Bucaramanga,2672593113.0,124358994.28,569,0.1278,218557.11,0.0465,Bajo
2021,Educacion,Villavicencio,4052971134.0,121208665.03,278,-0.2163,436002.39,0.0299,Medio
2024,Salud,Cucuta,2407601929.0,143054153.44,32,0.195,4470442.29,0.0594,Bajo
2023,Transporte,Barranquilla,2977031908.0,6422148.99,796,0.1372,8068.03,0.0022,Alto
2024,Transporte,Cali,3461447202.0,76963061.34,836,0.303,92061.08,0.0222,Medio
2020,Tecnologia,Manizales,4878819789.0,273752568.39,478,0.3599,572704.12,0.0561,Bajo
2024,Salud,Medellin,4029069952.0,181247702.36,937,-0.2187,193434.05,0.045,Bajo
2021,Tecnologia,Barranquilla,650317767.0,32529266.33,248,-0.1189,131166.4,0.05,Bajo
2021,Servicios,Bogota,850603300.0,41888243.42,398,0.1619,105246.84,0.0492,Bajo
2020,Manufactura,Cucuta,3817547628.0,137896643.03,421,0.2808,327545.47,0.0361,Bajo
2024,Construccion,Cucuta,3115672295.0,74348592.89,710,0.1557,104716.33,0.0239,Medio
2023,Financiero,Barranquilla,3260957846.0,89504133.4,684,-0.019,130854.0,0.0274,Medio
2023,Transporte,Cartagena,1698800246.0,55801738.3,840,0.3392,66430.64,0.0328,Bajo
2021,Servicios,Bogota,2381520038.0,20909951.6,665,-0.0337,31443.54,0.0088,Alto
2020,Educacion,Barranquilla,1488408647.0,62863863.85,519,0.2661,121124.98,0.0422,Bajo
2021,Agropecuario,Cucuta,2177828256.0,71739281.61,250,0.1225,286957.13,0.0329,Bajo
2020,Agropecuario,Barranquilla,701438629.0,32013224.81,430,0.2336,74449.36,0.0456,Bajo
2020,Transporte,Cali,3291133897.0,71880804.44,825,0.0987,87128.25,0.0218,Medio
2023,Agropecuario,Manizales,3685484899.0,105058479.4,967,0.0082,108643.72,0.0285,Medio
2024,Salud,Cucuta,2368683783.0,25333572.35,66,0.0158,383842.01,0.0107,Medio
2024,Agropecuario,Cartagena,3142533377.0,8509283.35,646,0.2011,13172.27,0.0027,Alto
2024,Transporte,Cali,2622811546.0,57833958.8,30,0.3734,1927798.63,0.0221,Medio
2023,Transporte,Bucaramanga,2034299822.0,38041239.36,382,-0.1503,99584.4,0.0187,Medio
2021,Tecnologia,Manizales,647499495.0,20293633.51,642,0.222,31610.02,0.0313,Bajo
2023,Manufactura,Bucaramanga,4053417547.0,32136850.28,343,0.2636,93693.44,0.0079,Alto
2023,Construccion,Bucaramanga,3087566791.0,122821240.21,623,-0.0066,197144.85,0.0398,Bajo
2021,Tecnologia,Pereira,1871627381.0,12136795.71,481,0.3573,25232.42,0.0065,Alto
2022,Agropecuario,Medellin,577468288.0,4947636.64,424,-0.1424,11668.95,0.0086,Alto
2021,Servicios,Barranquilla,4880389429.0,246823088.08,20,0.3154,12341154.4,0.0506,Bajo
2023,Servicios,Barranquilla,1026656754.0,37261454.84,680,-0.0035,54796.26,0.0363,Bajo
2020,Educacion,Cartagena,1489661192.0,20741489.6,332,-0.247,62474.37,0.0139,Medio
2022,Agropecuario,Cucuta,540774306.0,13570073.75,556,0.3113,24406.61,0.0251,Medio
2023,Comercio,Barranquilla,1540152657.0,46032921.58,366,0.0439,125773.01,0.0299,Medio
2023,Educacion,Villavicencio,191075386.0,5396253.97,198,-0.0887,27253.81,0.0282,Medio
2020,Financiero,Cartagena,2190473286.0,25408991.59,520,0.3446,48863.45,0.0116,Medio
2023,Comercio,Pereira,3402203548.0,121370632.32,681,-0.1069,178224.13,0.0357,Bajo
2022,Educacion,Cartagena,814658630.0,47723840.06,380,-0.1534,125589.05,0.0586,Bajo
2024,Agropecuario,Villavicencio,842261991.0,26217350.6,788,-0.0485,33270.75,0.0311,Bajo
2021,Transporte,Barranquilla,951537658.0,46042392.62,337,-0.1167,136624.31,0.0484,Bajo
2022,Educacion,Cucuta,2734251440.0,11264789.83,305,0.2938,36933.74,0.0041,Alto
2020,Educacion,Pereira,332216465.0,6330249.0,390,0.0446,16231.41,0.0191,Medio
2023,Servicios,Cucuta,492302083.0,6179292.83,944,-0.2009,6545.86,0.0126,Medio
2021,Financiero,Manizales,1653351327.0,29418919.36,998,0.1686,29477.88,0.0178,Medio
2020,Educacion,Villavicencio,4254478518.0,47041133.56,197,0.3135,238787.48,0.0111,Medio
2024,Comercio,Medellin,4461343680.0,151685285.94,854,-0.0998,177617.43,0.034,Bajo
2023,Servicios,Cucuta,2221139838.0,6981511.59,73,-0.0295,95637.15,0.0031,Alto
2021,Comercio,Bucaramanga,816843458.0,43678831.7,623,-0.0952,70110.48,0.0535,Bajo
2023,Salud,Barranquilla,4184547343.0,104767025.13,184,-0.1583,569386.01,0.025,Medio
2023,Salud,Pereira,3899733039.0,27460558.54,349,-0.1944,78683.55,0.007,Alto
2023,Tecnologia,Cartagena,3692682452.0,13067915.12,400,0.3197,32669.79,0.0035,Alto
2022,Construccion,Cucuta,1860004667.0,79661908.94,916,0.2813,86967.15,0.0428,Bajo
2020,Agropecuario,Bogota,197008630.0,3457046.6,280,-0.0256,12346.59,0.0175,Medio
2022,Manufactura,Medellin,1923149153.0,99892107.84,886,0.3665,112745.04,0.0519,Bajo
2020,Comercio,Barranquilla,4835615440.0,253246705.78,651,0.3905,389011.84,0.0524,Bajo
2021,Comercio,Villavicencio,3485352191.0,43783740.27,901,-0.2354,48594.61,0.0126,Medio
2021,Manufactura,Cali,1778939288.0,30166337.64,777,0.1693,38824.12,0.017,Medio
2023,Construccion,Villavicencio,787356908.0,33140535.48,824,-0.238,40219.1,0.0421,Bajo
2021,Transporte,Bucaramanga,3550632105.0,125827142.82,953,-0.2063,132032.68,0.0354,Bajo
2022,Servicios,Villavicencio,2847829272.0,87863973.58,607,-0.1158,144751.19,0.0309,Bajo
2024,Construccion,Cali,4946342357.0,49163509.74,844,-0.0768,58250.6,0.0099,Alto
2022,Construccion,Villavicencio,2615869735.0,43272706.77,768,0.1823,56344.67,0.0165,Medio
2020,Tecnologia,Villavicencio,2512280585.0,138265605.12,941,0.0128,146934.76,0.055,Bajo
2023,Educacion,Barranquilla,4546684607.0,102411978.57,841,0.2297,121774.05,0.0225,Medio
2020,Financiero,Barranquilla,437994292.0,16198265.09,813,-0.2056,19924.07,0.037,Bajo
2020,Tecnologia,Villavicencio,1289930151.0,35288899.04,695,0.2174,50775.39,0.0274,Medio
2020,Financiero,Bogota,2671668071.0,93111557.32,117,0.0078,795825.28,0.0349,Bajo
2022,Agropecuario,Cartagena,4478897827.0,149196033.32,486,0.1368,306987.72,0.0333,Bajo
2022,Construccion,Manizales,3685294032.0,113467411.04,384,-0.1495,295488.05,0.0308,Bajo
2022,Comercio,Cartagena,3361042713.0,99170132.76,92,-0.2012,1077936.23,0.0295,Medio
2023,Construccion,Cartagena,1822934784.0,56034274.19,958,0.1389,58490.89,0.0307,Bajo
2022,Transporte,Cali,1108288678.0,7097633.42,517,0.2696,13728.5,0.0064,Alto
2023,Servicios,Manizales,4367532261.0,158250450.3,294,-0.0455,538266.84,0.0362,Bajo
2022,Financiero,Manizales,3989831802.0,230619178.87,36,0.3677,6406088.3,0.0578,Bajo
2023,Transporte,Cartagena,2288969328.0,29156227.21,337,0.3728,86516.99,0.0127,Medio
2024,Tecnologia,Pereira,3194881927.0,124789098.78,100,0.1782,1247890.99,0.0391,Bajo
2021,Construccion,Bucaramanga,3929918033.0,119417035.51,674,0.2006,177176.61,0.0304,Bajo
2023,Manufactura,Cucuta,4104703980.0,167698555.17,307,0.2086,546249.37,0.0409,Bajo
2024,Financiero,Cartagena,4342190608.0,54161750.14,105,0.3451,515826.19,0.0125,Medio
2022,Comercio,Cucuta,4862607822.0,206419527.95,156,-0.1248,1323202.1,0.0425,Bajo
2022,Servicios,Cucuta,4105593686.0,197601512.2,242,0.3103,816535.17,0.0481,Bajo
2021,Salud,Bucaramanga,2004827234.0,41114650.98,509,0.169,80775.35,0.0205,Medio
2022,Tecnologia,Villavicencio,4862798139.0,145405392.62,150,0.2026,969369.28,0.0299,Medio
2022,Agropecuario,Bogota,1787251798.0,10349381.38,546,0.2726,18954.91,0.0058,Alto
2024,Manufactura,Medellin,2738182993.0,88086663.36,512,0.1503,172044.26,0.0322,Bajo
2021,Educacion,Cucuta,2034029410.0,106716847.37,433,-0.2498,246459.23,0.0525,Bajo
2024,Manufactura,Cucuta,2321767692.0,56349082.75,627,0.2692,89870.95,0.0243,Medio
2023,Transporte,Bogota,90739629.0,2027239.94,977,-0.1924,2074.96,0.0223,Medio
2020,Tecnologia,Barranquilla,3349709193.0,24515052.52,378,0.0896,64854.64,0.0073,Alto
2023,Manufactura,Bucaramanga,1075540061.0,2359830.62,448,-0.0195,5267.48,0.0022,Alto
2024,Salud,Cucuta,1240846895.0,3768065.14,994,0.0281,3790.81,0.003,Alto
2024,Agropecuario,Pereira,1732038648.0,71740248.21,159,0.3717,451196.53,0.0414,Bajo
2023,Agropecuario,Pereira,3427326140.0,58336496.96,399,0.0214,146206.76,0.017,Medio
2022,Transporte,Bucaramanga,3931464893.0,147736039.6,172,0.2332,858930.46,0.0376,Bajo
2022,Tecnologia,Barranquilla,2840211134.0,43662603.7,262,0.0832,166651.16,0.0154,Medio
2020,Manufactura,Pereira,4546596074.0,55644088.27,237,-0.2261,234785.18,0.0122,Medio
2020,Agropecuario,Cali,298432388.0,11497740.29,746,0.3245,15412.52,0.0385,Bajo
2021,Manufactura,Cucuta,2615272595.0,156143944.65,592,-0.0808,263756.66,0.0597,Bajo
2022,Financiero,Manizales,3306609457.0,100814580.11,164,-0.15,614723.05,0.0305,Bajo
2024,Tecnologia,Medellin,199744728.0,7268813.76,929,0.3091,7824.34,0.0364,Bajo
2021,Tecnologia,Barranquilla,3818665704.0,94274632.48,654,-0.1658,144150.81,0.0247,Medio
2022,Servicios,Bucaramanga,240596290.0,13816912.47,351,-0.227,39364.42,0.0574,Bajo
2020,Agropecuario,Cali,2864242855.0,160489800.78,414,-0.1935,387656.52,0.056,Bajo
2022,Comercio,Bogota,71827621.0,1225790.03,920,-0.2183,1332.38,0.0171,Medio
2024,Tecnologia,Cali,4693058117.0,271273187.55,707,0.1941,383696.16,0.0578,Bajo
2023,Construccion,Bogota,4308354124.0,221320155.72,59,0.3239,3751189.08,0.0514,Bajo
2024,Tecnologia,Cucuta,3591977785.0,126209522.53,59,0.1907,2139144.45,0.0351,Bajo
2023,Transporte,Pereira,3762968652.0,65805439.88,281,0.0888,234183.06,0.0175,Medio
2021,Comercio,Bucaramanga,3775000250.0,42669605.89,800,0.2941,53337.01,0.0113,Medio
2023,Construccion,Medellin,4044707636.0,167645708.51,210,0.2043,798312.9,0.0414,Bajo
2023,Transporte,Medellin,3833311082.0,221397813.92,780,-0.231,283843.35,0.0578,Bajo
2024,Comercio,Cali,72098345.0,683092.33,382,-0.1014,1788.2,0.0095,Alto
2021,Financiero,Bucaramanga,740458526.0,1529022.03,277,0.2909,5519.94,0.0021,Alto
2020,Manufactura,Medellin,1161057931.0,2752149.15,243,-0.1953,11325.72,0.0024,Alto
2024,Educacion,Villavicencio,4264162544.0,146989819.62,379,-0.0811,387835.94,0.0345,Bajo
2024,Financiero,Barranquilla,4383932991.0,146068929.79,694,-0.1665,210473.96,0.0333,Bajo
2024,Educacion,Cucuta,3318589981.0,10184114.44,252,0.3759,40413.15,0.0031,Alto
2023,Tecnologia,Villavicencio,1734276635.0,67102752.62,241,0.2399,278434.66,0.0387,Bajo
2023,Tecnologia,Villavicencio,4636325233.0,264007554.41,211,0.2103,1251220.64,0.0569,Bajo
2024,Comercio,Villavicencio,298766485.0,11357040.28,229,0.3165,49594.06,0.038,Bajo
2020,Manufactura,Barranquilla,1965376331.0,89384934.72,246,0.1364,363353.39,0.0455,Bajo
2022,Construccion,Cali,4450567302.0,25841401.85,52,-0.0397,496950.04,0.0058,Alto
2021,Servicios,Manizales,3566657567.0,166504523.03,589,-0.2493,282690.19,0.0467,Bajo
2020,Servicios,Bogota,1988692492.0,102505497.76,290,0.2666,353467.23,0.0515,Bajo
2023,Transporte,Villavicencio,1331508426.0,19712499.63,149,0.2523,132298.66,0.0148,Medio
2023,Tecnologia,Bogota,1223640730.0,64054105.7,401,-0.1518,159735.92,0.0523,Bajo
2021,Tecnologia,Bucaramanga,3956378030.0,104227552.31,974,0.3769,107009.81,0.0263,Medio
2023,Construccion,Barranquilla,1227745336.0,33951244.74,526,0.0161,64546.09,0.0277,Medio
2022,Financiero,Barranquilla,3253345569.0,46718279.32,851,0.3143,54898.1,0.0144,Medio
2023,Construccion,Manizales,4208359111.0,47286186.93,676,-0.1907,69949.98,0.0112,Medio
2021,Servicios,Bucaramanga,3678316333.0,120503683.93,218,0.157,552769.19,0.0328,Bajo
2021,Construccion,Bogota,3966305943.0,219769740.79,918,-0.1295,239400.59,0.0554,Bajo
2021,Tecnologia,Villavicencio,2118122776.0,4387577.88,474,-0.1686,9256.49,0.0021,Alto
2024,Tecnologia,Cucuta,740740155.0,4240084.31,520,-0.0752,8154.01,0.0057,Alto
2020,Transporte,Bucaramanga,4277757119.0,121500145.78,91,0.052,1335166.44,0.0284,Medio
2023,Tecnologia,Manizales,2627068638.0,115248141.43,30,0.2017,3841604.71,0.0439,Bajo
2024,Transporte,Cucuta,4141594747.0,195613141.52,411,0.2208,475944.38,0.0472,Bajo
2020,Financiero,Bogota,500671703.0,5238768.5,607,0.3913,8630.59,0.0105,Medio
2023,Salud,Villavicencio,4423855694.0,136854244.89,105,-0.1133,1303373.76,0.0309,Bajo
2022,Comercio,Medellin,2453672777.0,115314461.26,261,-0.0378,441817.86,0.047,Bajo
2021,Financiero,Villavicencio,3840452456.0,85781736.34,948,0.2859,90487.06,0.0223,Medio
2020,Tecnologia,Villavicencio,620009793.0,36390266.03,109,0.1982,333855.65,0.0587,Bajo
2020,Servicios,Cucuta,4521849065.0,52968893.69,324,0.3685,163484.24,0.0117,Medio
2024,Transporte,Bucaramanga,3084290114.0,166492557.45,28,0.3585,5946162.77,0.054,Bajo
2021,Financiero,Cartagena,2682575198.0,89585101.58,389,0.3579,230295.89,0.0334,Bajo
2023,Construccion,Cucuta,3549647226.0,106827023.58,478,0.3316,223487.5,0.0301,Bajo
2022,Educacion,Pereira,225037566.0,7320776.8,893,0.0351,8197.96,0.0325,Bajo
2022,Construccion,Cali,4604177525.0,167638847.73,543,-0.1463,308727.16,0.0364,Bajo
2022,Educacion,Cucuta,2694591858.0,39649332.79,586,0.0556,67660.98,0.0147,Medio
2022,Educacion,Manizales,832190471.0,43745174.94,328,0.1782,133369.44,0.0526,Bajo
2020,Transporte,Medellin,744378283.0,25465989.42,933,0.1746,27294.74,0.0342,Bajo
2022,Tecnologia,Pereira,4329221599.0,144872036.35,78,0.1727,1857333.8,0.0335,Bajo
2020,Educacion,Manizales,997302844.0,6170819.05,978,-0.1177,6309.63,0.0062,Alto
2020,Agropecuario,Cucuta,2036950475.0,24653646.53,744,0.2227,33136.62,0.0121,Medio
2023,Comercio,Barranquilla,3684595863.0,98299908.56,535,0.228,183738.15,0.0267,Medio
2024,Salud,Villavicencio,4517234967.0,151379004.99,966,0.1261,156707.04,0.0335,Bajo
2023,Transporte,Bogota,4471215481.0,197023861.14,531,0.144,371043.05,0.0441,Bajo
2021,Tecnologia,Manizales,3918485025.0,188053791.82,314,-0.0701,598897.43,0.048,Bajo
2021,Tecnologia,Cucuta,1269145913.0,69697780.08,287,-0.0005,242849.41,0.0549,Bajo
2023,Construccion,Bogota,3198696462.0,50142578.45,813,0.2153,61675.99,0.0157,Medio
2024,Manufactura,Cali,2766740905.0,43652290.17,353,0.0832,123660.88,0.0158,Medio
2022,Agropecuario,Bogota,3719556036.0,22353421.86,572,-0.0893,39079.41,0.006,Alto
2024,Educacion,Medellin,2596565133.0,82725024.15,103,0.1354,803155.57,0.0319,Bajo
2021,Construccion,Cucuta,1390665688.0,80972781.72,85,0.3077,952620.96,0.0582,Bajo
2020,Servicios,Cucuta,1446680702.0,52265583.09,479,-0.1649,109113.95,0.0361,Bajo
2022,Agropecuario,Bucaramanga,1068026902.0,30246301.21,414,0.3244,73058.7,0.0283,Medio
2023,Transporte,Cucuta,1497417609.0,61131539.74,380,0.0301,160872.47,0.0408,Bajo
2021,Transporte,Manizales,4124134475.0,177309237.56,595,-0.0165,297998.72,0.043,Bajo
2021,Educacion,Barranquilla,4502469880.0,167137144.09,706,0.1815,236738.16,0.0371,Bajo
2024,Agropecuario,Cali,3407763888.0,173666074.91,575,0.0401,302027.96,0.051,Bajo
2020,Tecnologia,Cartagena,3779196750.0,129899058.9,270,-0.1773,481107.63,0.0344,Bajo
2022,Agropecuario,Bucaramanga,4873122888.0,159876600.07,39,-0.2164,4099400.0,0.0328,Bajo
2020,Tecnologia,Bucaramanga,574458102.0,8635638.08,504,0.357,17134.2,0.015,Medio
2024,Financiero,Cucuta,493708576.0,15512135.31,225,0.1973,68942.82,0.0314,Bajo
2021,Transporte,Manizales,71217066.0,214222.92,236,0.1654,907.72,0.003,Alto
2023,Salud,Pereira,2541563046.0,72116626.82,514,0.0891,140304.72,0.0284,Medio
2024,Agropecuario,Cartagena,2914160171.0,95789054.91,170,-0.2305,563465.03,0.0329,Bajo
2023,Salud,Barranquilla,666509747.0,28574262.11,765,0.2264,37351.98,0.0429,Bajo
2021,Financiero,Cartagena,453300480.0,20121151.36,688,0.0384,29245.86,0.0444,Bajo
2021,Educacion,Bogota,4187543150.0,51400784.76,821,0.1801,62607.53,0.0123,Medio
2022,Transporte,Cartagena,4107087193.0,97375802.99,433,0.0732,224886.38,0.0237,Medio
2023,Servicios,Cucuta,3618590361.0,189601430.41,763,0.2495,248494.67,0.0524,Bajo
2020,Servicios,Manizales,4048394183.0,194888082.92,983,0.1897,198258.48,0.0481,Bajo
2024,Salud,Medellin,4091028894.0,164522188.59,72,0.1835,2285030.4,0.0402,Bajo
2023,Construccion,Manizales,507813593.0,11282233.08,981,0.3996,11500.75,0.0222,Medio
2023,Comercio,Cali,3771325728.0,96548434.21,707,0.2391,136560.73,0.0256,Medio
2023,Servicios,Medellin,2485316300.0,46584183.54,990,0.321,47054.73,0.0187,Medio
2023,Tecnologia,Pereira,3336469733.0,69958841.69,633,0.0348,110519.5,0.021,Medio
2024,Educacion,Medellin,3476583528.0,70913096.49,384,0.2816,184669.52,0.0204,Medio
2022,Agropecuario,Cartagena,1460386644.0,30413980.32,95,0.1464,320147.16,0.0208,Medio
2022,Transporte,Manizales,3037008916.0,73083623.78,624,0.0417,117121.19,0.0241,Medio
2020,Financiero,Medellin,2393707359.0,56607837.22,959,-0.2405,59027.98,0.0236,Medio
2021,Tecnologia,Barranquilla,2641791970.0,31093295.34,993,0.1527,31312.48,0.0118,Medio
2020,Educacion,Medellin,2379434196.0,123905113.68,835,0.3007,148389.36,0.0521,Bajo
2020,Transporte,Cali,4455099124.0,219183947.99,684,-0.0029,320444.37,0.0492,Bajo
2022,Comercio,Bogota,1106861134.0,36469909.63,802,0.0063,45473.7,0.0329,Bajo
2022,Comercio,Bucaramanga,3541747141.0,160507700.36,383,0.3711,419080.16,0.0453,Bajo
2022,Salud,Cartagena,3582152852.0,47840092.55,355,0.1709,134760.82,0.0134,Medio
2021,Manufactura,Manizales,2861885347.0,159601632.33,802,-0.1218,199004.53,0.0558,Bajo
2023,Financiero,Cali,1560207957.0,20726399.66,353,0.0658,58715.01,0.0133,Medio
2021,Servicios,Medellin,4042626844.0,196372628.65,310,0.1276,633460.09,0.0486,Bajo
2024,Educacion,Villavicencio,1826179843.0,90841659.77,369,-0.1323,246183.36,0.0497,Bajo
2021,Transporte,Villavicencio,3741162731.0,46852167.76,928,-0.13,50487.25,0.0125,Medio
2021,Manufactura,Cucuta,509032887.0,24442548.23,464,-0.0832,52677.91,0.048,Bajo
2022,Transporte,Bucaramanga,4718796789.0,230029866.82,404,-0.0072,569380.86,0.0487,Bajo
2020,Transporte,Bucaramanga,2769364457.0,23577405.18,160,0.141,147358.78,0.0085,Alto
2024,Servicios,Medellin,3459103897.0,49460345.45,29,-0.1364,1705529.15,0.0143,Medio
2023,Salud,Villavicencio,3657176828.0,199468583.17,171,-0.0203,1166482.94,0.0545,Bajo
2022,Educacion,Bucaramanga,1347339971.0,24169594.99,550,0.3033,43944.72,0.0179,Medio
2023,Tecnologia,Barranquilla,2917104969.0,142800277.0,934,0.1555,152891.09,0.049,Bajo
2023,Transporte,Medellin,1870829110.0,67393421.19,706,-0.0971,95458.1,0.036,Bajo
2021,Educacion,Villavicencio,980890358.0,32419181.53,681,-0.2346,47605.26,0.0331,Bajo
2022,Financiero,Bucaramanga,1038899746.0,38658970.21,179,0.1647,215971.9,0.0372,Bajo
2022,Comercio,Cartagena,1728928461.0,66835011.49,460,0.0729,145293.5,0.0387,Bajo
2022,Comercio,Villavicencio,2614296966.0,110632823.25,854,0.0378,129546.63,0.0423,Bajo
2020,Financiero,Cucuta,3132058918.0,137879426.84,478,0.3943,288450.68,0.044,Bajo
2022,Manufactura,Villavicencio,2640807619.0,116226304.32,573,0.3386,202838.23,0.044,Bajo
2022,Manufactura,Barranquilla,391103597.0,6791097.8,760,0.3312,8935.66,0.0174,Medio
2024,Tecnologia,Cali,1773088968.0,36801437.8,910,-0.0267,40441.14,0.0208,Medio
2020,Comercio,Bucaramanga,348173123.0,9630390.7,847,-0.2061,11370.0,0.0277,Medio
2023,Comercio,Villavicencio,350353963.0,5449861.26,168,-0.0738,32439.65,0.0156,Medio
2022,Servicios,Medellin,2339036277.0,35993307.69,77,-0.0335,467445.55,0.0154,Medio
2022,Salud,Cartagena,4569761025.0,272632321.82,789,-0.0141,345541.6,0.0597,Bajo
2021,Manufactura,Cali,3188120033.0,88911682.68,135,-0.2109,658605.06,0.0279,Medio
2024,Salud,Manizales,4726220345.0,271957430.64,864,0.1627,314765.54,0.0575,Bajo
2024,Tecnologia,Cali,913003640.0,10853532.01,637,-0.1872,17038.51,0.0119,Medio
2022,Transporte,Bucaramanga,3579631798.0,164152868.8,676,-0.0544,242829.69,0.0459,Bajo
2022,Construccion,Cucuta,4032198415.0,97524864.76,298,0.0096,327264.65,0.0242,Medio
2020,Servicios,Barranquilla,4430979829.0,263927073.62,891,0.2496,296214.45,0.0596,Bajo
2023,Agropecuario,Pereira,3666505464.0,150144827.7,103,0.1553,1457716.77,0.041,Bajo
2020,Educacion,Bogota,3763798943.0,35407494.62,803,0.0794,44094.02,0.0094,Alto
2022,Agropecuario,Medellin,205307661.0,1811561.64,682,-0.079,2656.25,0.0088,Alto
2023,Salud,Bucaramanga,1537440641.0,86624869.37,988,0.0813,87676.99,0.0563,Bajo
2024,Educacion,Pereira,1755022643.0,31981435.8,685,0.1404,46688.23,0.0182,Medio
2020,Manufactura,Cucuta,744771973.0,41204311.63,958,0.1235,43010.76,0.0553,Bajo
2020,Financiero,Manizales,549789865.0,18310472.1,448,-0.0026,40871.59,0.0333,Bajo
2022,Financiero,Barranquilla,4951751874.0,236801515.97,967,0.2822,244882.64,0.0478,Bajo
2020,Transporte,Bucaramanga,1780786708.0,5926176.53,878,0.2017,6749.63,0.0033,Alto
2023,Construccion,Cali,2520307777.0,24412787.43,841,-0.0461,29028.28,0.0097,Alto
2020,Comercio,Bucaramanga,2141915021.0,21576549.75,355,0.2471,60779.01,0.0101,Medio
2023,Construccion,Medellin,1413787187.0,44037820.19,956,0.2864,46064.67,0.0311,Bajo
2021,Agropecuario,Cali,1628548340.0,14758215.86,936,-0.2332,15767.32,0.0091,Alto
2023,Transporte,Pereira,1048800462.0,60684304.22,975,0.2549,62240.31,0.0579,Bajo
2024,Educacion,Villavicencio,2223862733.0,117451311.37,847,0.3034,138667.43,0.0528,Bajo
2021,Educacion,Medellin,2711110013.0,100170319.15,682,-0.1512,146877.3,0.0369,Bajo
2023,Financiero,Cartagena,2474256004.0,116993146.45,797,-0.1124,146791.9,0.0473,Bajo
2022,Comercio,Pereira,4593132924.0,174221525.91,482,0.3894,361455.45,0.0379,Bajo
2021,Transporte,Cucuta,782999560.0,8026108.32,348,0.2588,23063.53,0.0103,Medio
2021,Salud,Medellin,4778955762.0,58831098.33,419,-0.2095,140408.35,0.0123,Medio
2022,Agropecuario,Pereira,1033094823.0,50838880.99,378,-0.1065,134494.39,0.0492,Bajo
2020,Educacion,Bucaramanga,2729612211.0,109271762.35,441,0.027,247781.77,0.04,Bajo
2021,Construccion,Cucuta,3452016228.0,184417216.51,593,0.1751,310990.25,0.0534,Bajo
2020,Manufactura,Villavicencio,1629514374.0,52925434.18,545,-0.135,97110.89,0.0325,Bajo
2020,Comercio,Pereira,3354139349.0,194210343.44,202,0.0205,961437.34,0.0579,Bajo
2021,Servicios,Villavicencio,1847790100.0,5752451.55,610,0.1284,9430.25,0.0031,Alto
2021,Construccion,Manizales,638881721.0,8306932.56,920,-0.1101,9029.27,0.013,Medio
2021,Financiero,Barranquilla,3633305689.0,58095411.81,232,-0.1207,250411.26,0.016,Medio
2021,Salud,Cali,4171350316.0,18657307.59,484,-0.1787,38548.16,0.0045,Alto
2024,Comercio,Bucaramanga,2194622484.0,111865857.19,202,-0.153,553791.37,0.051,Bajo
2021,Servicios,Manizales,4989421379.0,260199835.43,643,0.2293,404665.37,0.0522,Bajo
2022,Servicios,Medellin,2687459164.0,66862973.94,441,0.0051,151616.72,0.0249,Medio
2020,Servicios,Bogota,4153131240.0,32912205.84,139,-0.045,236778.46,0.0079,Alto
2022,Manufactura,Villavicencio,3524128001.0,96494082.52,48,-0.0684,2010293.39,0.0274,Medio
2022,Comercio,Cali,4510007225.0,75215145.35,251,0.05,299661.93,0.0167,Medio
2022,Comercio,Cali,2177950582.0,87646236.16,974,0.0426,89985.87,0.0402,Bajo
2023,Agropecuario,Medellin,2686824654.0,143972620.86,874,0.087,164728.4,0.0536,Bajo
2020,Transporte,Cucuta,503950020.0,22562426.26,468,0.0381,48210.31,0.0448,Bajo
2022,Agropecuario,Villavicencio,4523951052.0,19024422.96,106,0.2156,179475.69,0.0042,Alto
2020,Transporte,Manizales,3495124530.0,21435215.01,683,-0.2269,31383.92,0.0061,Alto
2021,Financiero,Bogota,1323610605.0,78770883.37,455,0.2535,173122.82,0.0595,Bajo
2024,Tecnologia,Cucuta,3416578674.0,43531800.55,510,0.0179,85356.47,0.0127,Medio
2020,Comercio,Cucuta,2885978589.0,144792427.38,539,-0.0777,268631.59,0.0502,Bajo
2023,Educacion,Medellin,4699807470.0,31798693.9,239,0.3343,133048.93,0.0068,Alto
2023,Transporte,Medellin,1690418241.0,68810711.07,982,-0.1711,70072.01,0.0407,Bajo
2020,Salud,Villavicencio,4642412264.0,182662426.73,397,0.0609,460106.87,0.0393,Bajo
2021,Construccion,Cali,4209627633.0,87090877.92,695,-0.0597,125310.62,0.0207,Medio
2022,Financiero,Villavicencio,4834407297.0,178433778.03,712,0.3482,250609.24,0.0369,Bajo
2024,Salud,Cartagena,4895134346.0,22207591.03,292,0.3533,76053.39,0.0045,Alto
2024,Agropecuario,Bucaramanga,458072136.0,10803946.2,846,0.1076,12770.62,0.0236,Medio
2023,Agropecuario,Villavicencio,4866811732.0,200546574.69,454,0.3265,441732.54,0.0412,Bajo
2023,Construccion,Medellin,2933876985.0,144713254.79,650,0.3215,222635.78,0.0493,Bajo
2024,Manufactura,Cartagena,1133366929.0,44079024.81,680,0.386,64822.1,0.0389,Bajo
2023,Manufactura,Cartagena,2868193643.0,14695981.77,275,0.1043,53439.93,0.0051,Alto
2022,Transporte,Cartagena,1206769112.0,68023774.17,816,0.2232,83362.47,0.0564,Bajo
2023,Construccion,Pereira,4910738076.0,205009981.7,455,0.2816,450571.39,0.0417,Bajo
2023,Salud,Bucaramanga,2147636814.0,67305769.85,107,-0.0275,629025.89,0.0313,Bajo
2022,Servicios,Cucuta,2585524028.0,116655171.65,534,-0.0566,218455.38,0.0451,Bajo
2020,Construccion,Medellin,700985494.0,29410090.01,826,0.1252,35605.44,0.042,Bajo
2020,Educacion,Medellin,3318992127.0,90145252.38,155,0.05,581582.27,0.0272,Medio
2022,Servicios,Manizales,3235629035.0,142803773.93,468,-0.0694,305136.27,0.0441,Bajo
2020,Financiero,Manizales,1774404959.0,94095552.59,885,-0.1174,106322.66,0.053,Bajo
2024,Salud,Medellin,2691311450.0,34732543.93,956,-0.0061,36331.11,0.0129,Medio
2023,Salud,Cartagena,2430384755.0,78747460.06,253,0.2446,311254.78,0.0324,Bajo
2020,Tecnologia,Villavicencio,97380429.0,1338384.2,437,0.2431,3062.66,0.0137,Medio
2022,Salud,Medellin,4984436594.0,253380253.17,89,0.3198,2846969.14,0.0508,Bajo
2024,Agropecuario,Barranquilla,585642809.0,13681759.64,400,0.1682,34204.4,0.0234,Medio
2021,Transporte,Barranquilla,63822356.0,235258.14,961,-0.0189,244.81,0.0037,Alto
2020,Salud,Manizales,1715045420.0,12680114.75,138,0.3183,91884.89,0.0074,Alto
2022,Construccion,Bucaramanga,2808767117.0,123466314.27,760,0.127,162455.68,0.044,Bajo
2024,Manufactura,Cartagena,3069119091.0,105940728.94,785,0.0663,134956.34,0.0345,Bajo
2024,Financiero,Villavicencio,1208871198.0,4025665.67,934,0.0739,4310.13,0.0033,Alto
2024,Comercio,Villavicencio,4984916306.0,26898378.56,128,0.2349,210143.58,0.0054,Alto
2022,Comercio,Cali,3437075486.0,171364261.63,38,0.0361,4509585.83,0.0499,Bajo
2022,Tecnologia,Pereira,4870571485.0,102453346.47,202,-0.0967,507194.78,0.021,Medio
2022,Comercio,Cali,997521139.0,5613499.5,495,0.2282,11340.4,0.0056,Alto
2021,Financiero,Cartagena,3200855992.0,179633873.06,832,-0.1372,215906.1,0.0561,Bajo
2020,Servicios,Bogota,558250074.0,23325281.18,578,0.2959,40355.16,0.0418,Bajo
2020,Agropecuario,Barranquilla,3228217318.0,113531856.88,419,-0.1181,270959.09,0.0352,Bajo
2023,Educacion,Cucuta,162513996.0,6925471.15,881,0.2906,7860.92,0.0426,Bajo
2022,Servicios,Pereira,3046472517.0,97635082.97,896,0.2587,108967.73,0.032,Bajo
2022,Salud,Villavicencio,1163671081.0,59880448.49,941,0.3173,63634.91,0.0515,Bajo
2024,Construccion,Bogota,2033127359.0,26011592.0,68,0.0329,382523.41,0.0128,Medio
2021,Servicios,Villavicencio,4918259397.0,189883654.51,657,0.2232,289016.22,0.0386,Bajo
2020,Construccion,Bucaramanga,3400989591.0,150702872.93,857,-0.2128,175849.33,0.0443,Bajo
2023,Educacion,Cucuta,4926308667.0,123810401.94,615,0.177,201317.73,0.0251,Medio
2024,Transporte,Cartagena,4402531156.0,26413271.61,895,-0.221,29512.04,0.006,Alto
2022,Manufactura,Manizales,1110765858.0,19977696.72,289,-0.0878,69126.98,0.018,Medio
2020,Salud,Cartagena,1201648325.0,6959030.41,832,0.3045,8364.22,0.0058,Alto
2020,Tecnologia,Villavicencio,319093459.0,12107225.12,894,-0.1595,13542.76,0.0379,Bajo
2023,Agropecuario,Bucaramanga,3365103706.0,74523293.65,658,-0.0961,113257.29,0.0221,Medio
2020,Manufactura,Cartagena,4187747603.0,39462469.39,963,0.3589,40978.68,0.0094,Alto
2024,Comercio,Bogota,2173780260.0,128068766.7,101,-0.1558,1268007.59,0.0589,Bajo
2021,Tecnologia,Barranquilla,900822873.0,11790925.25,324,0.0516,36391.74,0.0131,Medio
2021,Tecnologia,Bucaramanga,4117488596.0,153560015.32,464,-0.1758,330948.31,0.0373,Bajo
2022,Construccion,Bogota,4726533240.0,242640040.65,308,0.0902,787792.34,0.0513,Bajo
2023,Educacion,Cali,1026716348.0,53274362.81,973,0.1027,54752.69,0.0519,Bajo
2021,Educacion,Manizales,3090128597.0,104547214.83,629,-0.1969,166211.79,0.0338,Bajo
2021,Agropecuario,Manizales,1890954185.0,21963287.88,533,0.1817,41206.92,0.0116,Medio
2022,Construccion,Cartagena,2923429057.0,22389448.6,163,0.0176,137358.58,0.0077,Alto
2020,Educacion,Bogota,3268149030.0,109924350.89,363,0.2615,302821.9,0.0336,Bajo
2023,Construccion,Pereira,2022420233.0,118771857.03,262,0.2611,453327.7,0.0587,Bajo
2024,Educacion,Villavicencio,3795794324.0,43852692.25,402,0.243,109086.3,0.0116,Medio
2023,Educacion,Bucaramanga,929958391.0,8669741.13,98,0.3217,88466.75,0.0093,Alto
2020,Educacion,Bogota,4115779068.0,115949242.09,77,0.238,1505834.31,0.0282,Medio
2022,Servicios,Villavicencio,166683198.0,5674861.1,779,0.0516,7284.8,0.034,Bajo
2023,Salud,Medellin,1728165545.0,53353871.7,793,-0.0082,67281.05,0.0309,Bajo
2023,Construccion,Barranquilla,3580906200.0,89694970.53,446,0.2541,201109.8,0.025,Medio
2023,Financiero,Cartagena,890135434.0,12300296.11,605,-0.1889,20331.07,0.0138,Medio
2024,Construccion,Cartagena,2530744611.0,45638481.71,91,0.2686,501521.78,0.018,Medio
2022,Salud,Barranquilla,891129870.0,49079177.17,123,0.0881,399017.7,0.0551,Bajo
2022,Servicios,Medellin,3941855618.0,213005294.31,894,0.3893,238260.96,0.054,Bajo
2024,Construccion,Manizales,2618874203.0,35922858.52,539,0.3311,66647.23,0.0137,Medio
2024,Manufactura,Pereira,1395020516.0,38417132.77,985,0.379,39002.17,0.0275,Medio
2022,Servicios,Barranquilla,3839949471.0,33881223.21,926,0.0784,36588.79,0.0088,Alto
2020,Servicios,Bucaramanga,2134600940.0,126108804.98,552,0.2214,228457.98,0.0591,Bajo
2021,Servicios,Villavicencio,746787190.0,7116832.66,856,0.1138,8314.06,0.0095,Alto
2021,Construccion,Cali,176118083.0,7700324.66,949,-0.1137,8114.15,0.0437,Bajo
2023,Transporte,Villavicencio,854928188.0,18412373.89,284,0.2824,64832.3,0.0215,Medio
2024,Transporte,Villavicencio,4820628229.0,208222612.56,959,0.3922,217124.73,0.0432,Bajo
2024,Salud,Pereira,1586731860.0,26578829.55,150,0.3219,177192.2,0.0168,Medio
2021,Transporte,Medellin,4777201981.0,208794739.91,694,-0.1577,300856.97,0.0437,Bajo
2023,Transporte,Bucaramanga,3226864050.0,90740568.36,333,0.149,272494.2,0.0281,Medio
2022,Financiero,Bogota,2716867887.0,96395788.64,292,0.2969,330122.56,0.0355,Bajo
2022,Agropecuario,Medellin,3673824221.0,215977095.74,950,-0.2298,227344.31,0.0588,Bajo
2022,Transporte,Cucuta,2954160527.0,24129394.48,502,0.1961,48066.52,0.0082,Alto
2020,Comercio,Pereira,767826501.0,39645002.23,143,0.3946,277237.78,0.0516,Bajo
2022,Construccion,Medellin,1249481686.0,8084802.1,598,0.2012,13519.74,0.0065,Alto
2024,Financiero,Manizales,975693742.0,19228991.05,210,-0.2055,91566.62,0.0197,Medio
2023,Transporte,Villavicencio,1355439860.0,34810091.86,673,0.3373,51723.76,0.0257,Medio
2024,Comercio,Cucuta,3340223142.0,163099654.79,783,0.1822,208300.96,0.0488,Bajo
2024,Manufactura,Pereira,3804775173.0,155624717.93,426,-0.1401,365316.24,0.0409,Bajo
2024,Transporte,Manizales,2397836231.0,22715242.84,678,0.3849,33503.31,0.0095,Alto
2021,Comercio,Cucuta,4422277104.0,19623550.22,875,-0.2323,22426.91,0.0044,Alto
2020,Salud,Medellin,1305067730.0,76243396.74,918,0.2401,83053.81,0.0584,Bajo
2024,Servicios,Bogota,3655457179.0,11128601.55,346,0.1539,32163.59,0.003,Alto
2021,Transporte,Cucuta,1358895994.0,52232986.58,652,-0.067,80111.94,0.0384,Bajo
2024,Agropecuario,Villavicencio,1982057587.0,16906282.56,953,-0.1718,17740.07,0.0085,Alto
2021,Salud,Pereira,4759579687.0,82208961.8,284,-0.2419,289468.18,0.0173,Medio
2022,Educacion,Cartagena,3591350029.0,131819547.84,758,-0.1029,173904.42,0.0367,Bajo
2022,Financiero,Bogota,256771907.0,1473997.52,795,0.3202,1854.08,0.0057,Alto
2022,Construccion,Pereira,2597867245.0,56486827.54,651,-0.1295,86769.32,0.0217,Medio
2020,Agropecuario,Cartagena,2331987087.0,37058982.33,900,-0.0646,41176.65,0.0159,Medio
2022,Tecnologia,Villavicencio,4325371583.0,206628749.38,488,0.0889,423419.57,0.0478,Bajo
2021,Salud,Medellin,1133651375.0,56931590.96,982,0.0674,57975.14,0.0502,Bajo
2024,Servicios,Pereira,453113980.0,14709849.63,924,0.185,15919.75,0.0325,Bajo
2022,Educacion,Cali,327828065.0,17368585.35,84,-0.2337,206768.87,0.053,Bajo
2024,Construccion,Bucaramanga,1898671662.0,12850228.22,457,0.0325,28118.66,0.0068,Alto
2024,Educacion,Pereira,640660110.0,23647763.45,45,-0.1429,525505.85,0.0369,Bajo
2021,Agropecuario,Medellin,2761445298.0,76835212.02,524,0.2067,146632.08,0.0278,Medio
2023,Agropecuario,Pereira,615619035.0,4952678.88,425,0.2614,11653.36,0.008,Alto
2020,Salud,Bucaramanga,2851281877.0,49142377.11,181,0.0574,271504.85,0.0172,Medio
2021,Manufactura,Pereira,2224396160.0,39148524.61,953,-0.2039,41079.25,0.0176,Medio
2023,Manufactura,Barranquilla,62545745.0,1437769.03,799,0.1426,1799.46,0.023,Medio
2021,Servicios,Medellin,651398919.0,10327074.12,381,0.3815,27105.18,0.0159,Medio
2022,Construccion,Manizales,2081396460.0,62355268.93,443,0.0553,140756.81,0.03,Medio
2024,Agropecuario,Bogota,2268662540.0,75198073.89,68,-0.245,1105854.03,0.0331,Bajo
2022,Financiero,Cali,3674628627.0,30372619.91,621,0.0509,48909.21,0.0083,Alto
2024,Educacion,Cali,2506930224.0,36785617.11,637,-0.0592,57748.22,0.0147,Medio
2021,Servicios,Villavicencio,3557623255.0,25086155.15,572,0.2818,43856.91,0.0071,Alto
2021,Transporte,Bogota,1532722098.0,81283372.39,202,0.3182,402392.93,0.053,Bajo
2023,Salud,Barranquilla,2950907711.0,126095262.27,678,0.0429,185981.21,0.0427,Bajo
2023,Financiero,Bucaramanga,1229962925.0,14245219.64,187,0.0242,76177.65,0.0116,Medio
2023,Manufactura,Manizales,1158845676.0,43176854.42,259,-0.0571,166706.0,0.0373,Bajo
2021,Tecnologia,Cucuta,56722055.0,2952216.72,193,-0.2168,15296.46,0.052,Bajo
2021,Salud,Villavicencio,3613051438.0,19699919.52,706,0.3165,27903.57,0.0055,Alto
2023,Transporte,Bucaramanga,4836687937.0,196306372.36,692,0.0466,283679.73,0.0406,Bajo
2023,Agropecuario,Manizales,4741327460.0,42764166.09,431,0.1072,99220.8,0.009,Alto
2023,Servicios,Barranquilla,354975584.0,9032674.75,774,-0.0194,11670.12,0.0254,Medio
2024,Servicios,Bucaramanga,1822427009.0,74313495.25,124,0.1702,599302.38,0.0408,Bajo
2020,Transporte,Pereira,2599753674.0,95473768.15,929,0.1635,102770.47,0.0367,Bajo
2024,Construccion,Manizales,4842056520.0,181718803.71,559,-0.1383,325078.36,0.0375,Bajo
2020,Tecnologia,Medellin,4862761754.0,218712010.0,624,-0.2068,350500.02,0.045,Bajo
2021,Tecnologia,Cucuta,3034497064.0,80347374.08,438,0.0418,183441.49,0.0265,Medio
2024,Servicios,Cartagena,2529054636.0,63639581.58,376,-0.17,169254.21,0.0252,Medio
2020,Manufactura,Cucuta,977933566.0,21420369.79,298,0.2809,71880.44,0.0219,Medio
2022,Comercio,Cartagena,3024234037.0,155466169.31,439,0.1874,354137.06,0.0514,Bajo
2020,Educacion,Manizales,2380167368.0,47046823.6,653,0.1337,72047.2,0.0198,Medio
2022,Manufactura,Cartagena,3733202203.0,132892473.24,60,0.0301,2214874.55,0.0356,Bajo
2020,Salud,Barranquilla,4397837087.0,103472313.44,844,-0.2322,122597.53,0.0235,Medio
2020,Salud,Medellin,662437187.0,3045323.2,852,-0.0252,3574.32,0.0046,Alto
2022,Servicios,Cali,2271526217.0,89629196.39,438,-0.0286,204632.87,0.0395,Bajo
2020,Tecnologia,Cucuta,3450412634.0,88877370.69,836,-0.1842,106312.64,0.0258,Medio
2021,Transporte,Cucuta,3006115331.0,35192184.92,453,0.0656,77686.94,0.0117,Medio
2024,Comercio,Medellin,2334547650.0,135200680.5,791,-0.1855,170923.74,0.0579,Bajo
2020,Tecnologia,Barranquilla,4477921397.0,249361852.74,253,0.007,985619.97,0.0557,Bajo
2021,Agropecuario,Villavicencio,2019341326.0,61176691.49,957,0.3351,63925.49,0.0303,Bajo
2024,Educacion,Medellin,1640842916.0,94255418.88,888,0.0581,106143.49,0.0574,Bajo
2022,Manufactura,Bucaramanga,4276304368.0,30428893.94,78,0.3747,390114.02,0.0071,Alto
2020,Comercio,Barranquilla,4477843472.0,109078880.97,297,0.1019,367268.96,0.0244,Medio
2023,Financiero,Cucuta,2102472296.0,71726401.95,693,-0.1406,103501.3,0.0341,Bajo
2020,Construccion,Cucuta,3630499322.0,183833435.3,918,-0.0535,200254.29,0.0506,Bajo
2024,Agropecuario,Bogota,810943353.0,4333324.27,961,0.1903,4509.18,0.0053,Alto
2024,Financiero,Barranquilla,4200731051.0,210792405.25,855,-0.0243,246540.82,0.0502,Bajo
2021,Tecnologia,Cartagena,696484876.0,26690408.31,158,-0.1152,168926.63,0.0383,Bajo
2020,Financiero,Pereira,4318546320.0,192631002.27,869,0.1552,221669.74,0.0446,Bajo
2021,Financiero,Cartagena,3453853463.0,131240587.09,184,0.225,713264.06,0.038,Bajo
2021,Construccion,Manizales,4514444699.0,232260737.03,632,0.103,367501.17,0.0514,Bajo
2022,Construccion,Manizales,618535038.0,35821636.01,136,0.1394,263394.38,0.0579,Bajo
2024,Agropecuario,Manizales,3786489099.0,15914351.17,777,0.2638,20481.79,0.0042,Alto
2024,Comercio,Cartagena,4592963204.0,220757186.67,39,0.0534,5660440.68,0.0481,Bajo
2023,Comercio,Cartagena,4984041104.0,284332090.35,685,0.3876,415083.34,0.057,Bajo
2022,Tecnologia,Bogota,1349002038.0,32064611.1,121,0.0896,264996.79,0.0238,Medio
2022,Construccion,Pereira,1710178830.0,63505451.6,723,0.07,87836.03,0.0371,Bajo
2021,Construccion,Villavicencio,3891644468.0,229151241.71,101,0.0382,2268824.18,0.0589,Bajo
2022,Servicios,Bogota,3333621886.0,121015781.74,922,0.3714,131253.56,0.0363,Bajo
2022,Agropecuario,Pereira,305428423.0,15738663.74,868,0.1661,18132.1,0.0515,Bajo
2021,Transporte,Cucuta,3885793247.0,61948009.73,594,0.3243,104289.58,0.0159,Medio
2021,Servicios,Medellin,182242244.0,5759781.5,513,-0.1065,11227.64,0.0316,Bajo
2023,Comercio,Bucaramanga,132102991.0,6107199.33,41,0.197,148956.08,0.0462,Bajo
2021,Comercio,Barranquilla,3795419074.0,160040984.55,829,0.1612,193053.06,0.0422,Bajo
2020,Salud,Bucaramanga,1590671439.0,78815022.22,700,-0.0688,112592.89,0.0495,Bajo
2024,Educacion,Manizales,3457601373.0,8692653.74,38,-0.1196,228754.05,0.0025,Alto
2023,Tecnologia,Bogota,4406450950.0,20099551.43,311,0.2922,64628.78,0.0046,Alto
2021,Tecnologia,Pereira,346479630.0,3563652.71,763,0.3591,4670.58,0.0103,Medio
2020,Salud,Bucaramanga,3340442878.0,178034274.55,566,0.1488,314548.19,0.0533,Bajo
2020,Salud,Cartagena,3155903393.0,20524927.11,403,0.1968,50930.34,0.0065,Alto
2023,Transporte,Cartagena,333510117.0,6588814.46,603,-0.1779,10926.72,0.0198,Medio
2022,Servicios,Cucuta,3046840415.0,18873212.88,592,-0.1844,31880.43,0.0062,Alto
2023,Salud,Manizales,4675087399.0,39972162.18,181,0.2664,220840.68,0.0086,Alto
2022,Construccion,Cartagena,4968581569.0,30945848.64,32,0.1835,967057.77,0.0062,Alto
2020,Educacion,Villavicencio,1048083067.0,54581278.11,470,0.2723,116130.38,0.0521,Bajo
2021,Agropecuario,Bucaramanga,4999217911.0,127459841.31,46,-0.2357,2770866.12,0.0255,Medio
2022,Construccion,Medellin,2096281268.0,106594609.68,932,0.1663,114371.9,0.0508,Bajo
2022,Tecnologia,Bucaramanga,194608012.0,7201002.34,72,0.0205,100013.92,0.037,Bajo
2023,Financiero,Cartagena,577940309.0,7452474.08,202,0.077,36893.44,0.0129,Medio
2021,Transporte,Pereira,565197187.0,5814073.68,490,0.2184,11865.46,0.0103,Medio
2023,Comercio,Pereira,1270947917.0,67557930.27,779,0.1592,86723.92,0.0532,Bajo
2024,Educacion,Bucaramanga,1216285672.0,55245426.7,610,-0.1832,90566.27,0.0454,Bajo
2020,Construccion,Cartagena,2245282937.0,106460011.79,805,-0.0705,132248.46,0.0474,Bajo
2022,Agropecuario,Cali,2555110615.0,129497177.33,956,-0.0288,135457.3,0.0507,Bajo
2020,Servicios,Villavicencio,4782591754.0,238887829.01,638,-0.0742,374432.33,0.0499,Bajo
2023,Comercio,Cali,3771795233.0,76092873.01,631,0.3397,120590.92,0.0202,Medio
2020,Manufactura,Pereira,1913231628.0,50697390.02,217,-0.0047,233628.53,0.0265,Medio
2022,Educacion,Villavicencio,548313616.0,22945344.29,237,0.117,96815.8,0.0418,Bajo
2020,Financiero,Cali,3073043191.0,126606826.68,194,-0.1415,652612.51,0.0412,Bajo
2023,Salud,Pereira,3810292074.0,154889721.6,948,-0.069,163385.78,0.0407,Bajo
2023,Construccion,Villavicencio,4133537680.0,170360768.68,812,-0.0563,209803.9,0.0412,Bajo
2021,Agropecuario,Pereira,2091855827.0,99040554.3,671,0.3997,147601.42,0.0473,Bajo
2023,Salud,Bucaramanga,1596404964.0,49356222.08,890,0.0753,55456.43,0.0309,Bajo
2021,Construccion,Bogota,2094265826.0,59784120.87,677,0.1624,88307.42,0.0285,Medio
2021,Transporte,Manizales,1638335851.0,3550458.26,474,0.2489,7490.42,0.0022,Alto
2023,Agropecuario,Medellin,1835836643.0,94215474.43,547,-0.0087,172240.36,0.0513,Bajo
2022,Tecnologia,Cucuta,2660275500.0,10865744.03,924,-0.1612,11759.46,0.0041,Alto
2021,Financiero,Bucaramanga,589981603.0,26453980.12,47,0.3835,562850.64,0.0448,Bajo
2023,Manufactura,Medellin,3873444323.0,26919653.73,254,-0.0109,105982.89,0.0069,Alto
2021,Construccion,Cucuta,3586087088.0,30365939.45,669,0.1035,45390.04,0.0085,Alto
2021,Transporte,Medellin,3638360244.0,152471226.42,544,-0.0036,280277.99,0.0419,Bajo
2022,Salud,Medellin,4479922978.0,137023577.82,130,-0.0353,1054027.52,0.0306,Bajo
2024,Agropecuario,Bucaramanga,4387589783.0,193236811.86,428,0.3763,451487.88,0.044,Bajo
2022,Servicios,Cali,994056784.0,32043590.18,717,0.3071,44691.2,0.0322,Bajo
2022,Agropecuario,Barranquilla,4417756980.0,28407621.15,194,0.2747,146431.04,0.0064,Alto
2020,Manufactura,Cali,1518035736.0,71108177.1,973,-0.1049,73081.37,0.0468,Bajo
2021,Transporte,Bogota,1646608125.0,57792122.07,739,-0.0551,78203.14,0.0351,Bajo
2022,Agropecuario,Villavicencio,3826371939.0,195640591.06,476,0.1055,411009.65,0.0511,Bajo
2022,Transporte,Manizales,3401689944.0,64245562.56,64,0.0087,1003836.92,0.0189,Medio
2021,Financiero,Medellin,3100008476.0,47236847.51,629,0.1421,75098.33,0.0152,Medio
2020,Tecnologia,Cartagena,3260249294.0,17812555.77,959,-0.2124,18574.09,0.0055,Alto
2023,Agropecuario,Cartagena,1077179126.0,51210165.83,627,0.1731,81674.91,0.0475,Bajo
2023,Financiero,Medellin,4185058574.0,144614805.71,297,-0.0123,486918.54,0.0346,Bajo
2021,Salud,Medellin,3166545113.0,42299719.37,381,0.3324,111022.89,0.0134,Medio
2023,Transporte,Manizales,3405751817.0,69063634.5,358,-0.1545,192915.18,0.0203,Medio
2022,Servicios,Manizales,2314586695.0,90003567.01,882,0.1882,102044.86,0.0389,Bajo
2024,Servicios,Cali,3528323008.0,77697723.48,583,-0.0307,133272.25,0.022,Medio
2023,Agropecuario,Bogota,3873127086.0,21366019.25,705,-0.2096,30306.41,0.0055,Alto
2020,Agropecuario,Cali,4046925809.0,9934443.11,839,-0.1003,11840.81,0.0025,Alto
2022,Servicios,Cali,4921673397.0,128491342.18,441,0.0943,291363.59,0.0261,Medio
2022,Manufactura,Pereira,1571568479.0,48773638.95,296,0.3755,164775.81,0.031,Bajo
2024,Tecnologia,Medellin,238548829.0,8237262.55,537,0.0396,15339.41,0.0345,Bajo
2022,Manufactura,Manizales,2946306795.0,150060356.38,771,0.3967,194630.81,0.0509,Bajo
2022,Servicios,Bucaramanga,1089283867.0,43820363.16,700,-0.122,62600.52,0.0402,Bajo
2024,Agropecuario,Medellin,2189907323.0,130736413.95,851,0.3695,153626.81,0.0597,Bajo
2024,Servicios,Villavicencio,1926883032.0,106603781.47,330,-0.1109,323041.76,0.0553,Bajo
2024,Servicios,Cali,3949395642.0,89226252.15,292,0.3741,305569.36,0.0226,Medio
2024,Financiero,Pereira,4142660559.0,243107306.74,266,0.0053,913937.24,0.0587,Bajo
2024,Comercio,Bogota,2913027238.0,137839300.87,615,0.1173,224128.94,0.0473,Bajo
2020,Comercio,Villavicencio,3638049316.0,9183277.61,632,-0.005,14530.5,0.0025,Alto
2022,Manufactura,Villavicencio,2774571306.0,12960828.81,189,-0.0409,68575.81,0.0047,Alto
2023,Financiero,Bogota,1140153237.0,30629894.3,908,0.0118,33733.36,0.0269,Medio
2023,Agropecuario,Bucaramanga,558964873.0,30340736.06,457,0.0086,66391.11,0.0543,Bajo
2022,Transporte,Barranquilla,4151036577.0,247438271.31,691,0.0833,358087.22,0.0596,Bajo
2023,Tecnologia,Cucuta,1646542704.0,63977621.12,423,0.2403,151247.33,0.0389,Bajo
2020,Comercio,Cali,297832162.0,17022257.24,622,-0.0709,27366.97,0.0572,Bajo
2023,Educacion,Cucuta,3432497553.0,204445227.43,880,0.1166,232324.12,0.0596,Bajo
2023,Manufactura,Pereira,1835005137.0,73555451.09,133,0.3365,553048.5,0.0401,Bajo
2024,Servicios,Pereira,4782210803.0,17197369.19,334,-0.1064,51489.13,0.0036,Alto
2022,Salud,Cartagena,1032235012.0,4220903.37,420,-0.1537,10049.77,0.0041,Alto
2021,Salud,Manizales,4132191068.0,111652123.43,275,0.0338,406007.72,0.027,Medio
2024,Construccion,Pereira,1886106388.0,60296004.03,301,0.2958,200318.95,0.032,Bajo
2021,Transporte,Medellin,1566339899.0,42206542.98,346,0.2998,121984.23,0.0269,Medio
2022,Transporte,Barranquilla,1851515412.0,85651630.81,810,0.0596,105742.75,0.0463,Bajo
2021,Construccion,Bogota,2388634481.0,33133814.99,240,-0.084,138057.56,0.0139,Medio
2022,Educacion,Villavicencio,4650589816.0,107579982.05,909,0.3615,118349.82,0.0231,Medio
2023,Manufactura,Cali,2025695232.0,52153347.21,299,0.2874,174425.91,0.0257,Medio
2022,Financiero,Pereira,1476749628.0,65200644.75,555,-0.0208,117478.64,0.0442,Bajo
2021,Servicios,Cucuta,4996063170.0,159415610.36,452,0.1004,352689.4,0.0319,Bajo
2024,Transporte,Cucuta,4048657388.0,16919838.19,273,0.1054,61977.43,0.0042,Alto
2022,Transporte,Bogota,50049976.0,1814061.54,719,0.0896,2523.03,0.0362,Bajo
2020,Educacion,Manizales,3155812280.0,184421041.49,410,-0.1177,449807.42,0.0584,Bajo
2023,Manufactura,Barranquilla,1355423164.0,37103288.28,403,-0.249,92067.71,0.0274,Medio
2024,Salud,Bogota,870848579.0,50576306.88,57,0.2256,887303.63,0.0581,Bajo
2020,Tecnologia,Cucuta,3693959236.0,170018162.17,845,-0.0531,201204.93,0.046,Bajo
2024,Transporte,Bucaramanga,1135826159.0,56079382.4,225,-0.1685,249241.7,0.0494,Bajo
2024,Comercio,Medellin,3514722293.0,89743399.9,547,0.2403,164064.72,0.0255,Medio
2023,Servicios,Bucaramanga,2379895221.0,86287847.63,772,-0.0026,111771.82,0.0363,Bajo
2022,Educacion,Pereira,2388596638.0,109211708.4,51,-0.1412,2141406.05,0.0457,Bajo
2020,Educacion,Bogota,2273059197.0,81509223.48,670,0.1585,121655.56,0.0359,Bajo
2024,Agropecuario,Barranquilla,2633654211.0,150260771.66,130,0.2144,1155852.09,0.0571,Bajo
2022,Agropecuario,Bucaramanga,2455575524.0,19511821.19,852,0.2105,22901.2,0.0079,Alto
2020,Educacion,Manizales,1636048803.0,95545838.98,914,0.2879,104535.93,0.0584,Bajo
2023,Agropecuario,Bucaramanga,4766883366.0,137188693.07,20,-0.1707,6859434.65,0.0288,Medio
2024,Financiero,Medellin,3750934269.0,82471930.17,437,0.2746,188722.95,0.022,Medio
2021,Construccion,Cartagena,660617416.0,14553291.5,281,0.1823,51791.07,0.022,Medio
2022,Salud,Manizales,3728799362.0,33166606.45,580,0.2226,57183.8,0.0089,Alto
2022,Servicios,Barranquilla,1919703276.0,109291123.82,84,-0.0472,1301084.81,0.0569,Bajo
2024,Agropecuario,Cartagena,158204882.0,7493521.88,438,-0.2426,17108.5,0.0474,Bajo
2024,Comercio,Bogota,468820854.0,7326946.79,334,0.0757,21936.97,0.0156,Medio
2020,Servicios,Pereira,4203384880.0,140235868.97,212,-0.0493,661489.95,0.0334,Bajo
2023,Agropecuario,Cucuta,1753185099.0,26561084.16,574,0.3124,46273.67,0.0152,Medio
2021,Financiero,Manizales,1409570433.0,74061669.4,902,0.076,82108.28,0.0525,Bajo
2021,Salud,Villavicencio,2505630274.0,128637692.99,614,0.1582,209507.64,0.0513,Bajo
2022,Servicios,Cartagena,4567600379.0,58652728.0,31,-0.063,1892023.48,0.0128,Medio
2024,Tecnologia,Villavicencio,872175620.0,19599175.73,420,0.3577,46664.7,0.0225,Medio
2022,Agropecuario,Manizales,3196918456.0,169190837.78,88,-0.2056,1922623.16,0.0529,Bajo
2024,Transporte,Villavicencio,1578384544.0,29316887.41,899,-0.0332,32610.55,0.0186,Medio
2022,Transporte,Bogota,293033537.0,4077058.15,698,0.3639,5841.06,0.0139,Medio
2022,Salud,Medellin,3420955859.0,140073742.33,610,-0.1745,229629.09,0.0409,Bajo
2023,Financiero,Bucaramanga,1846730258.0,87803881.66,496,-0.1841,177023.95,0.0475,Bajo
2020,Financiero,Cucuta,1446954903.0,26083544.56,733,0.3446,35584.64,0.018,Medio
2022,Financiero,Villavicencio,4634888537.0,130271692.95,221,-0.1334,589464.67,0.0281,Medio
2021,Comercio,Villavicencio,4254590491.0,108104286.22,984,-0.1266,109862.08,0.0254,Medio
2023,Servicios,Manizales,1538309978.0,49445662.64,602,-0.0782,82135.65,0.0321,Bajo
2024,Educacion,Cali,3228968866.0,56748991.73,655,0.1072,86639.68,0.0176,Medio
2021,Comercio,Villavicencio,380624294.0,4560798.24,514,0.3684,8873.15,0.012,Medio
2020,Manufactura,Bogota,1898445480.0,13934371.87,127,0.0477,109719.46,0.0073,Alto
2023,Salud,Cartagena,2835306990.0,96672578.75,328,-0.2402,294733.47,0.0341,Bajo
2021,Educacion,Barranquilla,1653138693.0,27362415.48,797,0.0429,34331.76,0.0166,Medio
2023,Agropecuario,Villavicencio,1214349539.0,20003267.47,277,0.313,72213.96,0.0165,Medio
2023,Comercio,Cali,552794834.0,4501152.2,285,0.148,15793.52,0.0081,Alto
2024,Manufactura,Manizales,3213394709.0,181445333.43,936,-0.1183,193851.85,0.0565,Bajo
2022,Transporte,Manizales,266848364.0,6850744.16,900,0.0006,7611.94,0.0257,Medio
2023,Salud,Cali,1137062832.0,38018178.29,102,0.3724,372727.24,0.0334,Bajo
2023,Agropecuario,Pereira,2701064365.0,34939226.8,819,-0.1105,42660.84,0.0129,Medio
2024,Salud,Bucaramanga,4782594832.0,147716863.44,814,0.0318,181470.35,0.0309,Bajo
2024,Transporte,Barranquilla,3872765811.0,175847936.35,146,0.2747,1204437.92,0.0454,Bajo
2021,Tecnologia,Manizales,1161158030.0,57361942.93,398,0.2202,144125.48,0.0494,Bajo
2022,Manufactura,Bucaramanga,2398814378.0,93519981.41,189,0.2056,494814.72,0.039,Bajo
2022,Manufactura,Cucuta,442523431.0,17670694.02,776,0.3204,22771.51,0.0399,Bajo
2022,Transporte,Pereira,176718975.0,2899220.24,385,-0.074,7530.44,0.0164,Medio
2024,Tecnologia,Bucaramanga,1874379825.0,83407168.5,333,0.1381,250471.98,0.0445,Bajo
2020,Financiero,Manizales,4693500369.0,110708515.97,522,0.295,212085.28,0.0236,Medio
2023,Educacion,Pereira,2169570595.0,121706856.13,608,0.2614,200175.75,0.0561,Bajo
2021,Tecnologia,Bogota,2699065417.0,85801780.02,907,0.392,94599.54,0.0318,Bajo
2022,Construccion,Pereira,4638995250.0,216655305.01,740,0.3485,292777.44,0.0467,Bajo
2023,Tecnologia,Cucuta,1482830246.0,26088179.62,815,0.3449,32010.04,0.0176,Medio
2021,Manufactura,Manizales,2912437000.0,11738458.09,206,0.0453,56982.81,0.004,Alto
2022,Agropecuario,Bucaramanga,3802611385.0,62386590.4,207,0.2919,301384.49,0.0164,Medio
2021,Construccion,Villavicencio,4071294628.0,193269513.52,549,0.2861,352039.19,0.0475,Bajo
2024,Manufactura,Barranquilla,2622021433.0,8576561.49,791,0.1337,10842.68,0.0033,Alto
2020,Agropecuario,Barranquilla,291274428.0,8514674.31,107,0.3526,79576.4,0.0292,Medio
2021,Comercio,Medellin,1257049344.0,58248602.2,993,-0.2425,58659.22,0.0463,Bajo
2023,Salud,Cucuta,1167707648.0,64917023.42,360,-0.1457,180325.07,0.0556,Bajo
2020,Servicios,Bogota,3428087920.0,43768142.97,40,0.2354,1094203.57,0.0128,Medio
2024,Servicios,Cartagena,3546643180.0,177106270.57,614,-0.1782,288446.69,0.0499,Bajo
2023,Transporte,Barranquilla,84206848.0,1681509.6,463,0.0381,3631.77,0.02,Medio
2022,Salud,Bucaramanga,1582813588.0,71332324.9,909,0.2886,78473.4,0.0451,Bajo
2020,Construccion,Villavicencio,3606734700.0,71601467.99,563,0.2761,127178.45,0.0199,Medio
2021,Agropecuario,Bogota,1453348515.0,56198898.13,196,0.0787,286729.07,0.0387,Bajo
2021,Educacion,Cali,1045502927.0,55230288.73,232,0.3373,238061.59,0.0528,Bajo
2020,Educacion,Cucuta,2210937506.0,49161575.85,444,0.3082,110724.27,0.0222,Medio
2021,Tecnologia,Bogota,1530824907.0,79309479.2,982,0.0194,80763.22,0.0518,Bajo
2020,Tecnologia,Villavicencio,2672278357.0,51213379.77,258,0.1879,198501.47,0.0192,Medio
2024,Construccion,Pereira,3150662431.0,133112577.28,514,0.0681,258973.89,0.0422,Bajo
2022,Transporte,Manizales,759891472.0,34161921.62,616,0.2172,55457.66,0.045,Bajo
2024,Transporte,Cali,1532751389.0,4766059.87,254,0.2261,18764.02,0.0031,Alto
2024,Transporte,Bucaramanga,1087392845.0,9837352.39,134,-0.1055,73413.08,0.009,Alto
2021,Construccion,Pereira,960079209.0,35762619.9,225,-0.1415,158944.98,0.0372,Bajo
2021,Transporte,Bucaramanga,1729473397.0,30301837.63,137,-0.1073,221181.3,0.0175,Medio
2021,Comercio,Pereira,1831276808.0,47823713.27,977,0.3165,48949.55,0.0261,Medio
2022,Financiero,Barranquilla,3041143241.0,78729587.43,468,-0.1176,168225.61,0.0259,Medio
2021,Financiero,Cartagena,3788884853.0,134027044.59,112,0.0961,1196670.04,0.0354,Bajo
2023,Agropecuario,Pereira,3041991343.0,112940005.23,851,0.3565,132714.46,0.0371,Bajo
2020,Educacion,Medellin,663501567.0,39057194.29,36,-0.1159,1084922.06,0.0589,Bajo
2021,Servicios,Cucuta,3334795161.0,179909321.35,26,0.2524,6919589.28,0.0539,Bajo
2022,Manufactura,Bogota,1850758068.0,87052958.95,593,0.2653,146800.94,0.047,Bajo
2022,Educacion,Barranquilla,2941571450.0,86796334.62,226,0.3257,384054.58,0.0295,Medio
2023,Tecnologia,Pereira,3007650335.0,130679982.72,163,-0.2435,801717.69,0.0434,Bajo
2022,Financiero,Villavicencio,2047397084.0,101633866.23,355,-0.1178,286292.58,0.0496,Bajo
2020,Tecnologia,Pereira,1988293453.0,62855094.07,678,0.3057,92706.63,0.0316,Bajo
2021,Comercio,Medellin,2130243470.0,61874979.09,712,0.0163,86903.06,0.029,Medio
2023,Tecnologia,Cali,3501167975.0,10151577.64,403,-0.1177,25190.02,0.0029,Alto
2023,Agropecuario,Bucaramanga,4525293319.0,239326138.99,735,-0.1319,325613.79,0.0529,Bajo
2020,Tecnologia,Pereira,335893339.0,11300775.54,68,-0.2018,166187.88,0.0336,Bajo
2024,Manufactura,Barranquilla,4298657909.0,116671548.63,979,0.3627,119174.21,0.0271,Medio
2021,Transporte,Cali,995370962.0,6032150.79,225,-0.0079,26809.56,0.0061,Alto
2023,Financiero,Pereira,3084971062.0,72297233.33,526,-0.0098,137447.21,0.0234,Medio
2023,Agropecuario,Cucuta,2870631673.0,64005918.92,115,-0.2446,556573.21,0.0223,Medio
2024,Manufactura,Barranquilla,3620697089.0,146195380.04,580,-0.0074,252061.0,0.0404,Bajo
2024,Construccion,Manizales,3505278203.0,26400188.33,523,0.1065,50478.37,0.0075,Alto
2023,Agropecuario,Pereira,2545440803.0,118255765.23,269,0.1062,439612.51,0.0465,Bajo
2020,Financiero,Medellin,4947656528.0,14093097.89,230,0.1533,61274.34,0.0028,Alto
2020,Agropecuario,Manizales,1710521018.0,20274973.86,284,-0.0245,71390.75,0.0119,Medio
2021,Financiero,Manizales,2614762498.0,70921407.22,877,0.3279,80868.2,0.0271,Medio
2021,Servicios,Pereira,2376353652.0,91914262.42,957,-0.0505,96044.16,0.0387,Bajo
2024,Transporte,Medellin,3126902156.0,135523395.36,547,-0.1185,247757.58,0.0433,Bajo
2021,Financiero,Cucuta,846170040.0,13544674.65,974,0.31,13906.24,0.016,Medio
2020,Agropecuario,Cucuta,857111886.0,29450185.97,749,0.2025,39319.34,0.0344,Bajo
2020,Transporte,Cali,2784870722.0,157250431.68,241,-0.1037,652491.42,0.0565,Bajo
2024,Educacion,Cucuta,3033460217.0,55058934.0,942,0.1369,58448.97,0.0182,Medio
2024,Comercio,Manizales,4616152777.0,186465792.96,994,0.2841,187591.34,0.0404,Bajo
2023,Tecnologia,Bogota,856261573.0,40782954.18,888,0.2361,45926.75,0.0476,Bajo
2023,Tecnologia,Bogota,1906912923.0,27839768.16,696,-0.0813,39999.67,0.0146,Medio
2021,Financiero,Medellin,3865924319.0,62307131.73,536,0.1595,116244.65,0.0161,Medio
2020,Educacion,Pereira,3906533559.0,53370197.43,523,-0.0386,102046.27,0.0137,Medio
2020,Agropecuario,Bogota,1924407878.0,115035608.88,249,-0.1887,461990.4,0.0598,Bajo
2020,Transporte,Bogota,2526917941.0,108648868.91,569,-0.1883,190947.05,0.043,Bajo
2022,Educacion,Cali,4059657276.0,184286789.77,499,0.1883,369312.2,0.0454,Bajo
2021,Educacion,Pereira,4334780908.0,125786211.54,370,-0.2238,339962.73,0.029,Medio
2023,Transporte,Cartagena,1416248204.0,13517634.28,478,-0.0157,28279.57,0.0095,Alto
2023,Construccion,Manizales,1793807413.0,62493523.84,527,0.1753,118583.54,0.0348,Bajo
2021,Salud,Medellin,117615317.0,333336.38,481,0.3458,693.01,0.0028,Alto
2021,Agropecuario,Cartagena,3324064863.0,66213535.27,714,0.2941,92736.04,0.0199,Medio
2024,Servicios,Barranquilla,72961593.0,2530084.08,227,0.0196,11145.74,0.0347,Bajo
2020,Comercio,Bucaramanga,2570873097.0,63383408.85,87,0.3939,728544.93,0.0247,Medio
2023,Agropecuario,Cartagena,3198226578.0,88440689.78,93,-0.16,950975.16,0.0277,Medio
2024,Educacion,Barranquilla,1033012627.0,36186535.71,874,0.3533,41403.36,0.035,Bajo
2021,Transporte,Pereira,2706553499.0,88247969.97,334,0.055,264215.48,0.0326,Bajo
2021,Tecnologia,Barranquilla,4263869323.0,130732642.09,777,0.2729,168253.08,0.0307,Bajo
2020,Comercio,Cartagena,2214679693.0,11281985.47,926,0.2913,12183.57,0.0051,Alto
2024,Comercio,Barranquilla,2959976118.0,154188715.17,907,0.3621,169998.58,0.0521,Bajo
2021,Construccion,Medellin,2762888235.0,85707135.65,444,0.1688,193034.09,0.031,Bajo
2024,Comercio,Cucuta,2835883112.0,17152663.09,937,-0.1485,18305.94,0.006,Alto
2024,Comercio,Barranquilla,926888679.0,39761735.84,745,0.1268,53371.46,0.0429,Bajo
2020,Educacion,Cucuta,3646464220.0,207947552.91,453,-0.2376,459045.37,0.057,Bajo
2021,Agropecuario,Barranquilla,4452196384.0,166344967.72,62,0.0448,2682983.35,0.0374,Bajo
2020,Servicios,Manizales,710097996.0,25493219.73,964,-0.0699,26445.25,0.0359,Bajo
2022,Manufactura,Villavicencio,4682370613.0,167746239.28,987,-0.1883,169955.66,0.0358,Bajo
2022,Financiero,Villavicencio,273292565.0,11684113.09,48,0.0252,243419.02,0.0428,Bajo
2022,Manufactura,Bucaramanga,2204251215.0,114739687.65,258,0.1942,444727.47,0.0521,Bajo
2021,Agropecuario,Barranquilla,3217220916.0,155727194.67,275,0.2717,566280.71,0.0484,Bajo
2023,Tecnologia,Bucaramanga,911368498.0,3409892.81,253,0.1993,13477.84,0.0037,Alto
2020,Agropecuario,Villavicencio,4230646518.0,160347894.49,226,0.3008,709503.96,0.0379,Bajo
2021,Educacion,Manizales,4894452205.0,104967326.99,762,0.033,137752.4,0.0214,Medio
2023,Comercio,Pereira,3711663295.0,199426926.47,944,-0.1947,211257.34,0.0537,Bajo
2023,Agropecuario,Pereira,3440487649.0,21055865.49,383,-0.1407,54976.15,0.0061,Alto
2023,Educacion,Cali,2064800147.0,10742961.49,747,-0.1844,14381.47,0.0052,Alto
2022,Educacion,Cali,2325822675.0,135917482.05,657,-0.1421,206875.92,0.0584,Bajo
2024,Transporte,Barranquilla,3478643175.0,48776952.92,211,-0.0554,231170.39,0.014,Medio
2021,Tecnologia,Cali,4433103543.0,42209266.68,58,-0.0124,727745.98,0.0095,Alto
2023,Comercio,Manizales,318713951.0,18667602.01,813,0.2759,22961.38,0.0586,Bajo
2023,Educacion,Manizales,3386344913.0,74070939.46,402,0.3914,184256.07,0.0219,Medio
2024,Servicios,Cartagena,4700319318.0,36276170.34,50,-0.0534,725523.41,0.0077,Alto
2021,Tecnologia,Barranquilla,2105125183.0,75112017.83,443,-0.0526,169553.09,0.0357,Bajo
2022,Construccion,Cucuta,403356944.0,11141241.75,754,-0.0508,14776.18,0.0276,Medio
2022,Construccion,Manizales,3121702454.0,16559901.56,203,-0.0135,81575.87,0.0053,Alto
2021,Comercio,Bucaramanga,2516546351.0,84907710.64,991,0.2551,85678.82,0.0337,Bajo
2023,Financiero,Villavicencio,905754857.0,18300576.54,850,-0.1679,21530.09,0.0202,Medio
2020,Construccion,Barranquilla,4299660240.0,199415228.18,59,-0.0085,3379919.12,0.0464,Bajo
2024,Agropecuario,Barranquilla,2295237716.0,69740263.6,739,0.1764,94371.13,0.0304,Bajo
2023,Manufactura,Pereira,3742789986.0,181089799.5,931,-0.0366,194511.06,0.0484,Bajo
2022,Comercio,Barranquilla,2256972127.0,21008162.01,928,0.3284,22638.11,0.0093,Alto
2021,Construccion,Cucuta,803730788.0,25388735.25,608,0.1266,41757.79,0.0316,Bajo
2021,Financiero,Barranquilla,1779909045.0,27285916.84,570,0.356,47870.03,0.0153,Medio
2023,Manufactura,Manizales,2891839263.0,52649176.35,210,0.1211,250710.36,0.0182,Medio
2022,Tecnologia,Cartagena,1796148085.0,89612046.55,425,0.1425,210851.87,0.0499,Bajo
2023,Agropecuario,Pereira,2503545031.0,58902986.72,25,-0.0065,2356119.47,0.0235,Medio
2022,Tecnologia,Pereira,4082523145.0,95158153.17,718,-0.0306,132532.25,0.0233,Medio
2024,Transporte,Cucuta,3679766430.0,129700525.99,856,-0.1362,151519.31,0.0352,Bajo
2020,Transporte,Pereira,158393598.0,2342522.09,785,0.088,2984.1,0.0148,Medio
2021,Salud,Pereira,1180638741.0,53833842.03,576,0.3159,93461.53,0.0456,Bajo
2023,Comercio,Villavicencio,4574810160.0,175604445.9,736,-0.0992,238593.0,0.0384,Bajo
2021,Servicios,Bogota,1558475790.0,21150555.37,939,0.066,22524.55,0.0136,Medio
2022,Agropecuario,Villavicencio,4107308438.0,77647569.3,795,0.3509,97669.9,0.0189,Medio
2024,Educacion,Bucaramanga,3951696698.0,143118509.22,248,0.0531,577090.76,0.0362,Bajo
2021,Manufactura,Pereira,3067164476.0,33617802.95,21,0.2443,1600847.76,0.011,Medio
2021,Educacion,Villavicencio,2613711888.0,111963131.13,32,0.2501,3498847.85,0.0428,Bajo
2021,Transporte,Manizales,3091360109.0,154562060.86,800,0.1884,193202.58,0.05,Bajo
2022,Tecnologia,Cucuta,2242927655.0,33982571.55,162,0.3419,209768.96,0.0152,Medio
2023,Transporte,Cali,580002484.0,2850187.06,711,-0.069,4008.7,0.0049,Alto
2022,Servicios,Cali,1931962803.0,107892864.79,386,-0.1456,279515.19,0.0558,Bajo
2024,Transporte,Cali,3287263178.0,92188825.58,284,-0.0316,324608.54,0.028,Medio
2024,Comercio,Manizales,529288269.0,29146857.08,923,-0.0673,31578.39,0.0551,Bajo
2020,Construccion,Bogota,2673240298.0,129608995.04,721,-0.2139,179762.82,0.0485,Bajo
2020,Educacion,Cali,588959530.0,23433468.56,500,-0.096,46866.94,0.0398,Bajo
2021,Construccion,Cali,3728611156.0,129812828.51,426,0.3528,304724.95,0.0348,Bajo
2020,Manufactura,Manizales,4629144625.0,94651542.47,512,0.2875,184866.29,0.0204,Medio
2023,Salud,Bogota,4720985927.0,221717114.86,246,0.0221,901289.08,0.047,Bajo
2024,Financiero,Cucuta,4474262448.0,95158269.74,469,0.1841,202896.1,0.0213,Medio
2023,Comercio,Bogota,2786300902.0,48478268.81,292,0.1747,166021.47,0.0174,Medio
2024,Agropecuario,Cartagena,3850423794.0,120776851.29,745,-0.0696,162116.58,0.0314,Bajo
2020,Comercio,Manizales,1509302051.0,87350703.14,327,0.1908,267127.53,0.0579,Bajo
2022,Agropecuario,Bucaramanga,3083304168.0,68200796.99,719,0.3936,94855.07,0.0221,Medio
2020,Agropecuario,Cartagena,660981613.0,4348257.87,815,-0.0803,5335.29,0.0066,Alto
2021,Construccion,Medellin,4279880267.0,54664848.5,739,0.0443,73971.38,0.0128,Medio
2024,Servicios,Barranquilla,4610432619.0,53311894.07,386,-0.1442,138113.72,0.0116,Medio
2021,Financiero,Manizales,3972304510.0,123491168.25,269,-0.2467,459074.97,0.0311,Bajo
2022,Salud,Bucaramanga,3276281241.0,129596433.21,379,0.1256,341943.1,0.0396,Bajo
2023,Construccion,Pereira,1313866007.0,64917666.31,973,0.362,66719.08,0.0494,Bajo
2023,Transporte,Villavicencio,79540622.0,2292256.39,124,0.1813,18485.94,0.0288,Medio
2021,Manufactura,Bucaramanga,1582309937.0,85353983.51,490,-0.0582,174191.8,0.0539,Bajo
2020,Comercio,Medellin,1519341049.0,56246348.29,871,0.2901,64576.75,0.037,Bajo
2023,Educacion,Cartagena,552182771.0,10326276.06,162,0.3674,63742.44,0.0187,Medio
2024,Transporte,Bogota,1913345453.0,73988710.39,908,0.0036,81485.36,0.0387,Bajo
2020,Servicios,Medellin,1527287023.0,22357504.3,490,0.1781,45627.56,0.0146,Medio
2023,Educacion,Pereira,4799603476.0,238141440.92,745,0.09,319652.94,0.0496,Bajo
2024,Construccion,Manizales,4391400560.0,29855262.98,222,0.2706,134483.17,0.0068,Alto
2020,Manufactura,Barranquilla,474073081.0,16809554.41,330,-0.015,50938.04,0.0355,Bajo
2024,Transporte,Bucaramanga,4261508460.0,153135387.33,216,-0.2063,708960.13,0.0359,Bajo
2020,Construccion,Bucaramanga,3055210983.0,11859473.18,49,0.3113,242030.06,0.0039,Alto
2024,Financiero,Bogota,4788487115.0,252067459.96,736,0.1192,342482.96,0.0526,Bajo
2021,Salud,Bogota,2460574783.0,138831318.75,457,0.0253,303788.44,0.0564,Bajo
2021,Financiero,Cali,4214931294.0,199614697.72,715,-0.0241,279181.4,0.0474,Bajo
2023,Construccion,Bucaramanga,546933406.0,2767693.58,607,0.0903,4559.63,0.0051,Alto
2021,Financiero,Barranquilla,2686982382.0,94897048.43,780,0.1255,121662.88,0.0353,Bajo
2024,Educacion,Manizales,3250521550.0,161227095.38,697,0.3323,231315.78,0.0496,Bajo
2022,Educacion,Cali,1459520144.0,50096588.93,672,-0.195,74548.5,0.0343,Bajo
2020,Agropecuario,Pereira,1589035631.0,47613326.14,793,0.1177,60042.03,0.03,Medio
2020,Construccion,Cartagena,3587436469.0,165700998.09,288,0.0484,575350.69,0.0462,Bajo
2021,Construccion,Pereira,927233143.0,52006822.16,25,0.1915,2080272.89,0.0561,Bajo
2024,Financiero,Villavicencio,2333085016.0,86085157.23,834,0.0591,103219.61,0.0369,Bajo
2023,Salud,Bogota,4036167032.0,175394423.47,32,-0.1044,5481075.73,0.0435,Bajo
2022,Transporte,Cucuta,4844723190.0,153642741.89,594,0.36,258657.81,0.0317,Bajo
2021,Salud,Manizales,2834151970.0,63968623.51,631,0.1929,101376.58,0.0226,Medio
2023,Educacion,Cali,1653989648.0,89575284.12,69,-0.1812,1298192.52,0.0542,Bajo
2024,Educacion,Medellin,2333466693.0,96133529.98,417,-0.0692,230536.04,0.0412,Bajo
2024,Tecnologia,Barranquilla,1747625838.0,32688135.55,827,-0.1481,39526.16,0.0187,Medio
2020,Construccion,Bucaramanga,995273689.0,11700250.41,256,0.2116,45704.1,0.0118,Medio
2021,Educacion,Cali,1043772277.0,21320397.79,802,0.2255,26584.04,0.0204,Medio
2023,Salud,Pereira,1394540134.0,20619486.69,795,-0.2174,25936.46,0.0148,Medio
2020,Construccion,Bogota,2779083881.0,56587795.12,995,0.0121,56872.16,0.0204,Medio
2022,Transporte,Pereira,4529875953.0,187044956.76,752,0.0088,248730.0,0.0413,Bajo
2022,Construccion,Cali,4973906220.0,199787831.53,369,0.1012,541430.44,0.0402,Bajo
2020,Servicios,Cartagena,4807166699.0,115296759.73,938,0.0753,122917.65,0.024,Medio
2023,Agropecuario,Manizales,2128852519.0,71855896.53,476,-0.0495,150957.77,0.0338,Bajo
2024,Educacion,Medellin,2452628030.0,43597717.47,670,0.2133,65071.22,0.0178,Medio
2020,Construccion,Pereira,1747179075.0,27196627.96,998,-0.0252,27251.13,0.0156,Medio
2024,Construccion,Villavicencio,4913640768.0,123884244.1,899,0.1526,137802.27,0.0252,Medio
2024,Salud,Cartagena,4303444858.0,203341976.47,412,0.1423,493548.49,0.0473,Bajo
2020,Tecnologia,Cartagena,2024185229.0,84826806.36,132,-0.0521,642627.32,0.0419,Bajo
2023,Construccion,Manizales,828176278.0,4811822.4,144,-0.1053,33415.43,0.0058,Alto
2021,Financiero,Manizales,2184150003.0,73594050.69,49,0.2546,1501919.4,0.0337,Bajo
2021,Educacion,Cali,3302505624.0,159307066.19,509,-0.1953,312980.48,0.0482,Bajo
2021,Tecnologia,Bucaramanga,3507292926.0,10389877.87,353,-0.1462,29433.08,0.003,Alto
2022,Transporte,Cali,151824010.0,7613785.39,233,0.3835,32677.19,0.0501,Bajo
2020,Servicios,Cartagena,1186086736.0,18296054.96,595,-0.0695,30749.67,0.0154,Medio
2022,Educacion,Bucaramanga,1852285865.0,103285586.42,350,0.023,295101.68,0.0558,Bajo
2023,Construccion,Pereira,1737471633.0,89933955.97,206,0.1291,436572.6,0.0518,Bajo
2022,Manufactura,Cucuta,1114607982.0,4831785.67,95,-0.0133,50860.9,0.0043,Alto
2024,Financiero,Barranquilla,3097016730.0,107875768.31,91,0.3378,1185448.0,0.0348,Bajo
2023,Construccion,Cali,2254104566.0,76396960.94,911,0.027,83860.55,0.0339,Bajo
2022,Comercio,Cartagena,1002546366.0,15048698.58,395,-0.0814,38097.97,0.015,Medio
2022,Financiero,Cartagena,4754539343.0,62800171.66,649,-0.0307,96764.52,0.0132,Medio
2022,Transporte,Pereira,3789344051.0,115829076.96,312,0.2229,371247.04,0.0306,Bajo
2023,Financiero,Cali,1744675171.0,73696339.41,455,-0.1451,161969.98,0.0422,Bajo
2022,Salud,Villavicencio,3961867702.0,43288136.99,679,0.227,63752.78,0.0109,Medio
2021,Transporte,Pereira,1600804131.0,41056647.48,243,0.1918,168957.4,0.0256,Medio
2021,Educacion,Pereira,3603469365.0,14453576.32,64,-0.0306,225837.13,0.004,Alto
2022,Transporte,Villavicencio,2805240765.0,164414870.95,887,0.326,185360.62,0.0586,Bajo
2021,Salud,Cartagena,4869432264.0,74695326.88,934,0.1713,79973.58,0.0153,Medio
2022,Educacion,Pereira,3597920824.0,36642090.8,307,0.2858,119355.34,0.0102,Medio
2020,Financiero,Barranquilla,4539506308.0,50235921.34,657,0.0978,76462.59,0.0111,Medio
2024,Agropecuario,Cali,4693845921.0,17560791.27,668,-0.1485,26288.61,0.0037,Alto
2024,Comercio,Cucuta,553714371.0,32493197.44,497,-0.0213,65378.67,0.0587,Bajo
2021,Transporte,Bucaramanga,2531662392.0,79521491.94,434,-0.0619,183229.24,0.0314,Bajo
2020,Educacion,Cucuta,3348558239.0,126992792.81,903,0.0402,140634.32,0.0379,Bajo
2021,Tecnologia,Barranquilla,4063359348.0,109378019.34,107,0.2851,1022224.48,0.0269,Medio
2022,Servicios,Cartagena,477549012.0,22546029.0,429,0.0903,52554.85,0.0472,Bajo
2023,Construccion,Cucuta,4517362398.0,132426945.83,990,0.3948,133764.59,0.0293,Medio
2024,Transporte,Villavicencio,2850718382.0,40475857.28,637,0.2645,63541.38,0.0142,Medio
2023,Agropecuario,Manizales,4786672875.0,26510577.47,990,0.3864,26778.36,0.0055,Alto
2023,Agropecuario,Bogota,4189588938.0,214169520.01,31,-0.1513,6908694.19,0.0511,Bajo
2022,Agropecuario,Villavicencio,2602249200.0,147672022.39,836,0.1936,176641.18,0.0567,Bajo
2020,Construccion,Barranquilla,4350749493.0,116972586.36,697,-0.1568,167822.94,0.0269,Medio
2022,Servicios,Villavicencio,2735772620.0,110377918.07,393,-0.1078,280859.84,0.0403,Bajo
2020,Financiero,Cartagena,2843555189.0,27288112.24,553,-0.1707,49345.59,0.0096,Alto
2022,Educacion,Medellin,4538227178.0,38936025.91,355,-0.0281,109678.95,0.0086,Alto
2020,Construccion,Bucaramanga,4887792840.0,141694876.65,220,0.1548,644067.62,0.029,Medio
2021,Agropecuario,Manizales,1160642401.0,59003471.39,58,0.1604,1017301.23,0.0508,Bajo
2024,Financiero,Villavicencio,2939856434.0,99344868.53,427,0.0702,232657.77,0.0338,Bajo
2021,Transporte,Pereira,4195943629.0,105222862.41,546,0.3287,192715.87,0.0251,Medio
2023,Transporte,Villavicencio,156017638.0,4839067.25,925,0.1054,5231.42,0.031,Bajo
2024,Servicios,Pereira,2630897425.0,24715096.21,693,0.3462,35663.92,0.0094,Alto
2020,Transporte,Medellin,4992165141.0,51470843.08,55,0.3944,935833.51,0.0103,Medio
2022,Educacion,Medellin,3047168975.0,181843116.34,459,0.2649,396172.37,0.0597,Bajo
2020,Servicios,Pereira,3647167532.0,151061027.5,549,0.1278,275156.7,0.0414,Bajo
2022,Salud,Cucuta,54776415.0,2512451.06,419,-0.1084,5996.3,0.0459,Bajo
2021,Agropecuario,Cucuta,4893755250.0,178234286.42,737,0.2237,241837.57,0.0364,Bajo
2022,Transporte,Medellin,3646017238.0,124991118.06,730,-0.1679,171220.71,0.0343,Bajo
2023,Transporte,Pereira,455526059.0,25330322.74,329,0.347,76991.86,0.0556,Bajo
2020,Tecnologia,Bogota,3890839450.0,98506633.52,635,-0.0626,155128.56,0.0253,Medio
2020,Comercio,Pereira,4852712398.0,260540208.13,264,0.2129,986894.73,0.0537,Bajo
2020,Servicios,Barranquilla,2430943835.0,40742417.47,969,-0.1901,42045.84,0.0168,Medio
2024,Servicios,Manizales,4162996602.0,207188895.61,664,0.0844,312031.47,0.0498,Bajo
2021,Salud,Manizales,1699450590.0,40852730.04,960,0.3927,42554.93,0.024,Medio
2023,Transporte,Barranquilla,1082076888.0,26634441.01,660,-0.0453,40355.21,0.0246,Medio
2023,Servicios,Cali,398058207.0,4880202.83,585,0.0387,8342.23,0.0123,Medio
2023,Educacion,Bogota,426453173.0,22461235.17,630,0.3294,35652.75,0.0527,Bajo
2024,Manufactura,Cucuta,3539548480.0,72778724.67,456,-0.0513,159602.47,0.0206,Medio
2024,Educacion,Cartagena,2150392641.0,88177756.07,345,0.135,255587.7,0.041,Bajo
2020,Manufactura,Barranquilla,4917099570.0,113835276.61,207,-0.1666,549928.87,0.0232,Medio
2022,Construccion,Villavicencio,563514859.0,23790742.74,640,-0.0831,37173.04,0.0422,Bajo
2020,Agropecuario,Cali,3798902659.0,101447367.13,806,0.2247,125865.22,0.0267,Medio
2022,Salud,Barranquilla,3401568554.0,43625513.02,207,0.2489,210751.27,0.0128,Medio
2023,Construccion,Bucaramanga,2700449844.0,130154915.54,62,-0.1224,2099272.83,0.0482,Bajo
2023,Agropecuario,Pereira,1243335884.0,41527065.93,39,0.1737,1064796.56,0.0334,Bajo
2024,Educacion,Villavicencio,4798015142.0,281055423.19,226,0.1038,1243608.07,0.0586,Bajo
2023,Financiero,Medellin,4551522186.0,177467947.44,430,0.3562,412716.16,0.039,Bajo
2022,Salud,Cucuta,3010565695.0,75720767.16,903,-0.0499,83854.67,0.0252,Medio
2024,Servicios,Bucaramanga,4246319074.0,207966093.98,462,-0.1618,450143.06,0.049,Bajo
2024,Financiero,Medellin,1616900599.0,10233410.79,378,0.053,27072.52,0.0063,Alto
